lat,long,type
-28.82455749,153.25770116,8
-28.82724608,153.25532479,7
-28.82354275,153.25656006,8
-28.81995628,153.2554327,8
-28.81814489,153.25519526,8
-28.82316468,153.25836009,7
-28.82371932,153.25762105,8
-28.82120417,153.26539171,6
-28.82425166,153.25757093,8
-28.82452154,153.25831247,8
-28.82450108,153.25812023,6
-28.82459269,153.25806378,6
-28.82367305,153.25720659,8
-28.82344022,153.25742211,8
-28.82262713,153.25809451,8
-28.82382746,153.2573772,8
-28.82317766,153.25877215,8
-28.83172044,153.25647425,8
-28.81575392,153.2535506,8
-28.82384654,153.25723614,8
-28.82125007,153.2609844,8
-28.82305273,153.26136893,8
-28.82382865,153.25850409,8
-28.82400758,153.25747372,8
-28.82424568,153.25781677,8
-28.82441068,153.2583934,7
-28.82479357,153.25969211,8
-28.82483198,153.25822519,7
-28.82280936,153.25549802,8
-28.82142802,153.25506427,8
-28.82323187,153.2571793,7
-28.81763723,153.25889435,8
-28.82229904,153.25898337,8
-28.82320044,153.26027196,8
-28.82394895,153.25770602,8
-28.82400676,153.25783769,8
-28.82389648,153.26080531,8
-28.82465935,153.26115534,8
-28.82421304,153.25791018,8
-28.82452524,153.25766305,8
-28.82055999,153.26009873,7
-28.82351,153.25815786,8
-28.82372757,153.25783245,7
-28.82344341,153.25866306,8
-28.82159766,153.26404695,7
-28.82321223,153.25972323,8
-28.8238328,153.25803024,7
-28.82203086,153.26743342,7
-28.8240347,153.25807682,7
-28.82427813,153.25812139,8
-28.82427813,153.25812139,8
-28.82603428,153.25935099,8
-28.82609924,153.25929131,7
-28.82396317,153.25618211,8
-28.82380134,153.25639046,8
-28.82297369,153.25512823,7
-28.823042,153.25704538,8
-28.82400484,153.25716229,8
-28.82205278,153.2620501,7
-28.82324423,153.25926516,6
-28.8239165,153.25981811,7
-28.82480263,153.25826238,8
-28.82010927,153.25133011,6
-28.81676692,153.25855217,8
-28.82073626,153.26188126,8
-28.82305635,153.26001105,8
-28.82184145,153.26700245,6
-28.82607299,153.25914891,7
-28.82354806,153.25680256,8
-28.82110732,153.25824969,8
-28.82322774,153.25772148,8
-28.82354219,153.25760158,8
-28.82324184,153.25990736,6
-28.82327172,153.25982107,8
-28.82402871,153.25792104,8
-28.82426928,153.25820426,8
-28.82499195,153.26240109,8
-28.82446194,153.25836036,8
-28.82590909,153.26016602,6
-28.82615021,153.25920371,8
-28.82391117,153.25433687,8
-28.82205534,153.2559883,8
-28.82216942,153.25748366,8
-28.82389043,153.2570202,8
-28.82343062,153.25715779,8
-28.82118217,153.26105549,7
-28.82334029,153.25901477,8
-28.8239523,153.25657066,8
-28.82362804,153.25676897,8
-28.81654844,153.25908755,7
-28.81654844,153.25908755,6
-28.81683697,153.25982882,7
-28.8186046,153.26224465,6
-28.82301091,153.25885604,7
-28.8203663,153.26523737,8
-28.82366607,153.25831995,8
-28.82403026,153.26051603,8
-28.82423618,153.25805525,8
-28.82423618,153.25805525,8
-28.8244064,153.25823794,8
-28.82455251,153.25793138,8
-28.81860221,153.22585162,8
-28.82351779,153.25691176,8
-28.82373132,153.25775781,8
-28.82374718,153.25817593,8
-28.82414063,153.25836222,8
-28.82450474,153.25835266,8
-28.81961912,153.25538117,7
-28.81919704,153.26192296,8
-28.82288654,153.26074627,8
-28.82324945,153.25988075,6
-28.8245514,153.25804265,6
-28.82583137,153.25953388,7
-28.84152031,153.26588791,7
-28.83326422,153.25737126,8
-28.82568865,153.25654348,8
-28.82289103,153.25659195,8
-28.82380591,153.256918,8
-28.81758621,153.26709448,7
-28.82386424,153.25816696,8
-28.82443917,153.2582846,8
-28.82610259,153.25930123,8
-28.82446778,153.25717335,8
-28.82851014,153.25356289,8
-28.82344227,153.25689643,8
-28.82259623,153.25810519,8
-28.82223247,153.25899052,7
-28.82431706,153.25802779,8
-28.82547276,153.26060405,8
-28.824959,153.25818397,8
-28.82489284,153.25532601,8
-28.8230245,153.25611488,8
-28.82282142,153.25652856,8
-28.82334046,153.25740264,8
-28.82254027,153.25791142,8
-28.82241989,153.26046349,8
-28.82456586,153.25651327,8
-28.82442693,153.25587799,8
-28.82459459,153.25441198,6
-28.82418521,153.25631346,8
-28.82440675,153.24064455,7
-28.82057459,153.25509556,8
-28.82115953,153.26158589,6
-28.82310491,153.26086001,8
-28.82449943,153.25799041,7
-28.82468204,153.25817078,6
-28.82382967,153.25627629,8
-28.82314471,153.25707761,8
-28.82314471,153.25707761,8
-28.82373645,153.25785047,8
-28.82043659,153.27316442,8
-28.82448682,153.25779572,8
-28.82574761,153.2596612,7
-28.82284751,153.25537766,8
-28.8209528,153.25547827,8
-28.82275017,153.25692086,8
-28.81995668,153.25852914,8
-28.82345371,153.25807443,8
-28.82345371,153.25807443,8
-28.82327596,153.25906066,7
-28.82295131,153.26078328,8
-28.82322188,153.26035145,8
-28.82296455,153.2613708,8
-28.82440042,153.2582827,8
-28.82479478,153.25928591,6
-28.82468882,153.25894161,8
-28.82520693,153.25840174,8
-28.8255903,153.25503819,8
-28.82409955,153.25647244,8
-28.82407477,153.25654382,8
-28.81934677,153.25474398,7
-28.82114421,153.2561154,7
-28.82311885,153.25742501,8
-28.82395765,153.25704651,8
-28.82370707,153.25764738,8
-28.82366571,153.2580002,8
-28.82276127,153.26030397,8
-28.82323391,153.26038822,6
-28.82402523,153.25789854,8
-28.82415809,153.25833172,8
-28.82431166,153.25818258,8
-28.83033058,153.25121161,7
-28.81639524,153.25859539,7
-28.82318266,153.25870457,6
-28.82279562,153.25992282,8
-28.82321526,153.26152237,7
-28.82401316,153.25742552,8
-28.82397355,153.25805579,8
-28.82397355,153.25805579,7
-28.82397355,153.25805579,8
-28.8348249,153.26346645,7
-28.82643231,153.25642911,8
-28.82291949,153.25846845,8
-28.82306452,153.25876572,6
-28.82308748,153.26034889,8
-28.82308748,153.26034889,8
-28.8237811,153.25804741,8
-28.82287338,153.26149033,8
-28.82337511,153.2599696,7
-28.82420161,153.25786258,8
-28.82454707,153.25512621,8
-28.81921384,153.25498705,8
-28.79762049,153.25279668,7
-28.82338516,153.25816788,8
-28.82368516,153.25780421,8
-28.82311152,153.26017414,8
-28.82234219,153.28571104,8
-28.82413454,153.25845942,8
-28.82414766,153.25835555,6
-28.82822381,153.26392892,6
-28.8264039,153.25652748,8
-28.81898895,153.25315686,8
-28.82310361,153.25721542,8
-28.81638872,153.25976909,6
-28.81812634,153.25987479,6
-28.82206452,153.26439446,7
-28.82394317,153.2579637,8
-28.8244172,153.25837704,8
-28.82544369,153.25826698,8
-28.82251149,153.25530078,8
-28.8229902,153.25779889,8
-28.79007106,153.29575835,6
-28.82377534,153.25791376,8
-28.82377534,153.25791376,8
-28.82457729,153.25855822,7
-28.81949946,153.25369987,8
-28.8198133,153.25524973,8
-28.82318248,153.25711993,8
-28.82310369,153.26049573,8
-28.82404631,153.25941316,6
-28.82412104,153.25835356,8
-28.82443187,153.25851466,8
-28.82564123,153.25975379,7
-28.82412723,153.2561833,8
-28.82387672,153.25607379,8
-28.8219296,153.25455154,6
-28.82365717,153.25750325,8
-28.82295795,153.25935109,8
-28.82356096,153.25839198,8
-28.82361133,153.25916668,8
-28.82400908,153.25779254,8
-28.8240724,153.25736412,8
-28.82390638,153.26415898,7
-28.8240555,153.25811886,8
-28.82476938,153.25823092,8
-28.82435577,153.25494744,8
-28.82235498,153.25662379,8
-28.81731035,153.26837991,8
-28.82446848,153.258372,8
-28.82456995,153.25770562,8
-28.83103459,153.25670655,8
-28.82454727,153.25645629,8
-28.82451091,153.25648076,8
-28.82420208,153.25621063,8
-28.82361114,153.25658862,8
-28.81575345,153.25084152,8
-28.82169316,153.25678295,8
-28.81674784,153.25852563,7
-28.82385399,153.25718302,8
-28.82335896,153.26003817,8
-28.82551896,153.26270797,8
-28.8249944,153.26001635,8
-28.82508197,153.26035098,8
-28.81730637,153.2532458,8
-28.81650964,153.25959206,7
-28.82367314,153.25725151,8
-28.82341943,153.26010973,8
-28.82500477,153.25922578,7
-28.82529171,153.2590808,8
-28.82399231,153.25549453,8
-28.82166066,153.25094814,6
-28.81837585,153.26017903,6
-28.82331115,153.2583727,8
-28.8227889,153.25994331,7
-28.82340463,153.26016831,8
-28.82331773,153.2608017,8
-28.82421188,153.26120779,6
-28.82382989,153.25538468,8
-28.82119367,153.25676071,6
-28.82293611,153.25712774,8
-28.81657587,153.25929719,7
-28.82285676,153.26009186,6
-28.82354702,153.25967899,8
-28.82413049,153.25832443,7
-28.82480392,153.25819304,7
-28.82448666,153.25699539,8
-28.82296348,153.25690412,7
-28.82335749,153.25715233,7
-28.81596277,153.25959388,7
-28.82325111,153.26212716,8
-28.82411056,153.25808762,8
-28.82875738,153.253024,8
-28.82459485,153.25614525,8
-28.82411664,153.25635432,8
-28.82374669,153.25590474,8
-28.82133154,153.2511721,6
-28.82262565,153.25833089,8
-28.82321867,153.2578939,8
-28.82146946,153.26149656,6
-28.82370633,153.25786285,8
-28.82390499,153.25771756,8
-28.82486134,153.25935318,8
-28.81725574,153.2573221,8
-28.81706425,153.25908912,6
-28.81639324,153.25960443,7
-28.82273977,153.25868791,8
-28.82240416,153.26319554,8
-28.82413698,153.25751089,8
-28.82482783,153.26122033,8
-28.82443674,153.25828797,8
-28.82474578,153.25874662,8
-28.80926006,153.24518045,8
-28.82122572,153.25658499,6
-28.81680719,153.25979783,6
-28.82351125,153.25945729,8
-28.82474122,153.25814693,6
-28.83198003,153.25720088,8
-28.81592459,153.25085204,8
-28.81610444,153.25311959,8
-28.81992712,153.2550518,8
-28.81316183,153.2523043,8
-28.82226913,153.25855823,7
-28.81899357,153.26177303,8
-28.82322713,153.26024655,7
-28.82561081,153.25962487,7
-28.83078753,153.25029452,8
-28.81922496,153.25018536,8
-28.82361731,153.25742608,8
-28.82306546,153.25840907,6
-28.82233309,153.25954735,8
-28.82367528,153.25758634,6
-28.82331804,153.25885184,7
-28.82397376,153.25730348,8
-28.82389158,153.25757566,8
-28.82529211,153.26211951,8
-28.82563167,153.25947387,6
-28.8260559,153.25924736,6
-28.82643876,153.25647157,8
-28.82160048,153.25065039,6
-28.82158012,153.25083549,6
-28.81959023,153.25466475,8
-28.82262658,153.25636633,8
-28.82272443,153.26005723,8
-28.82385107,153.25779583,8
-28.82465141,153.26064503,8
-28.8236049,153.2573485,8
-28.8236049,153.2573485,8
-28.82333492,153.25775826,8
-28.82279765,153.2612869,8
-28.82338451,153.25981532,8
-28.82452906,153.2581303,6
-28.82564547,153.25914564,7
-28.8244081,153.25702448,8
-28.82027818,153.25149363,6
-28.82360123,153.25652412,8
-28.82311002,153.25641657,8
-28.81793112,153.25366945,8
-28.82334219,153.25717952,8
-28.82362371,153.25740929,8
-28.82362371,153.25740929,8
-28.82362371,153.25740929,8
-28.82223888,153.25900693,8
-28.82338842,153.25880166,8
-28.82392932,153.25831469,8
-28.82386791,153.25930301,6
-28.82417835,153.26164737,7
-28.82508265,153.26033766,8
-28.82574361,153.26204688,8
-28.83679408,153.27818201,7
-28.82581015,153.25842505,8
-28.82288115,153.256644,8
-28.82376965,153.25695093,8
-28.82376965,153.25695093,8
-28.81730332,153.25929263,6
-28.81897256,153.26001406,7
-28.82382112,153.25820162,8
-28.82382112,153.25820162,8
-28.82587241,153.25979534,7
-28.82992135,153.2629065,8
-28.83353092,153.25594198,8
-28.82356915,153.25745392,8
-28.82284785,153.25995536,7
-28.82334817,153.25881665,8
-28.82373811,153.25787818,6
-28.82373811,153.25787818,7
-28.82319223,153.25974111,7
-28.82565225,153.25970001,6
-28.82565225,153.25970001,6
-28.82368257,153.25743501,7
-28.82399368,153.25813128,8
-28.82436324,153.25815176,8
-28.82566568,153.25975674,7
-28.82390423,153.25615349,8
-28.82340314,153.25765234,8
-28.82213475,153.2636166,7
-28.82401471,153.25771746,8
-28.82454122,153.25806907,8
-28.82438346,153.25761064,8
-28.82559936,153.25941172,6
-28.82434466,153.25723614,8
-28.82356311,153.25733406,8
-28.82011321,153.260831,6
-28.82251228,153.2603296,8
-28.8238387,153.25828878,8
-28.82532117,153.2638691,8
-28.82515959,153.2595635,7
-28.82549609,153.26023095,8
-28.82609326,153.25968031,7
-28.82710277,153.25481185,8
-28.82443497,153.25610698,8
-28.82446135,153.25500175,8
-28.82439255,153.25492973,6
-28.82164987,153.25004878,6
-28.81997303,153.26084738,6
-28.82370735,153.25745722,8
-28.82244318,153.26006522,8
-28.82352647,153.25842488,8
-28.8246962,153.25802597,7
-28.82577252,153.25558763,8
-28.82992069,153.25023689,8
-28.82316121,153.25587926,8
-28.81608019,153.25501631,8
-28.81577597,153.25996223,7
-28.82669765,153.2635001,8
-28.82123944,153.25668862,6
-28.82360798,153.25745923,8
-28.82292057,153.26021195,8
-28.82345684,153.28746574,8
-28.82451712,153.26114688,8
-28.82430981,153.25719906,8
-28.82418576,153.25623143,8
-28.82325712,153.25443984,8
-28.81913956,153.25542837,8
-28.82114821,153.26160376,6
-28.82369636,153.25757685,8
-28.81185957,153.27897025,7
-28.82284084,153.26123599,8
-28.82602191,153.25919796,6
-28.82460715,153.25443067,6
-28.81609854,153.25988882,7
-28.82318785,153.25987628,8
-28.82318277,153.26014479,8
-28.8237822,153.25807565,8
-28.82226313,153.25581704,8
-28.8237589,153.25742386,8
-28.82389494,153.26406637,7
-28.82529769,153.26078215,8
-28.82502586,153.25543717,8
-28.82345746,153.25427572,7
-28.81787864,153.25506557,6
-28.8236137,153.25719559,8
-28.8229448,153.25905985,8
-28.823008,153.25934108,8
-28.82266669,153.26056174,8
-28.82333547,153.25919845,8
-28.82345568,153.26075608,8
-28.82441573,153.25784555,8
-28.82455141,153.25804268,7
-28.82473418,153.25820503,6
-28.81780245,153.25110291,8
-28.81651193,153.25847995,7
-28.81723613,153.26455988,6
-28.82113449,153.26210977,6
-28.82307691,153.25957692,8
-28.82332399,153.25720572,8
-28.82332399,153.25720572,8
-28.8251033,153.26502507,8
-28.82430456,153.25758167,8
-28.82350846,153.25707485,8
-28.82317064,153.25717383,8
-28.81875017,153.25900587,8
-28.82322263,153.25757234,8
-28.82295501,153.25778804,8
-28.82326612,153.25828012,8
-28.82319595,153.25894132,7
-28.82490325,153.26183578,8
-28.82474627,153.25764216,8
-28.82650963,153.25740372,8
-28.82456844,153.25631645,8
-28.81777539,153.25420843,8
-28.82323557,153.2568466,8
-28.82331292,153.25690099,8
-28.81704331,153.26437811,6
-28.8230248,153.25857436,7
-28.82325501,153.25837308,8
-28.82316879,153.25999024,7
-28.82343403,153.26021666,8
-28.82404687,153.25778255,8
-28.82519409,153.26184207,8
-28.82612361,153.25511463,6
-28.82252181,153.25648225,7
-28.81812915,153.2592977,8
-28.81828574,153.2601781,7
-28.82040566,153.26113639,8
-28.82113126,153.26769445,7
-28.82290699,153.261454,8
-28.82391096,153.25932708,8
-28.82403063,153.25788635,8
-28.82403063,153.25788635,8
-28.82403063,153.25788635,8
-28.82427426,153.25807277,8
-28.82440586,153.25531783,8
-28.81510337,153.25448107,8
-28.82327733,153.25718084,8
-28.82319555,153.25838518,7
-28.8207754,153.2631909,8
-28.82298097,153.25947526,8
-28.82394586,153.25761184,8
-28.8251806,153.2587534,8
-28.82398295,153.25646116,8
-28.82357212,153.25733584,8
-28.82364097,153.25763833,7
-28.8226785,153.25992504,8
-28.82384501,153.25820552,8
-28.8256921,153.2598978,8
-28.82605699,153.25978143,7
-28.8254053,153.25463691,6
-28.82600244,153.24874608,8
-28.81927329,153.25357431,8
-28.80457496,153.25541936,7
-28.82268782,153.25854436,6
-28.82314971,153.26008928,8
-28.82427717,153.26378919,8
-28.82849185,153.26420969,8
-28.82432528,153.25729999,8
-28.8243881,153.255975,8
-28.82326931,153.25459323,8
-28.82192969,153.25455165,6
-28.82378499,153.25688682,8
-28.82398635,153.25702866,8
-28.82237566,153.26316615,8
-28.82532768,153.25827158,8
-28.8235067,153.25669938,8
-28.82329594,153.2606949,7
-28.82562299,153.26016814,8
-28.82481811,153.25815934,6
-28.8260475,153.25931581,6
-28.8197503,153.25382971,8
-28.82004029,153.26472284,8
-28.82306084,153.25928833,7
-28.8233658,153.2600799,8
-28.82400304,153.25744989,8
-28.82452428,153.25800496,8
-28.8257433,153.25914215,7
-28.818789,153.25545567,8
-28.82229397,153.25705341,8
-28.82537444,153.26184442,8
-28.82378899,153.25666849,8
-28.82152684,153.25740933,8
-28.82370362,153.2574575,7
-28.82365445,153.25757346,8
-28.81908305,153.28531115,8
-28.82401168,153.2578915,8
-28.82467719,153.25654525,8
-28.82347834,153.25659589,8
-28.82319878,153.25755178,8
-28.82303792,153.2578801,8
-28.82365965,153.2573797,8
-28.82371952,153.25743656,8
-28.82094713,153.26210494,8
-28.82373937,153.25765279,8
-28.82354638,153.25840533,8
-28.82400345,153.25772524,8
-28.82401062,153.25815124,8
-28.82449255,153.25855529,8
-28.82322159,153.25633178,8
-28.81633189,153.25984582,7
-28.82224911,153.25865441,8
-28.82386789,153.25752716,8
-28.82306523,153.26055213,6
-28.82352346,153.25936214,6
-28.82342587,153.2601678,8
-28.82458961,153.25811107,6
-28.82399767,153.25621406,8
-28.81964103,153.25690158,8
-28.81639896,153.25992119,7
-28.82340796,153.25736204,8
-28.82355537,153.25739051,8
-28.82321648,153.2576923,8
-28.82242027,153.25856075,8
-28.82325517,153.26006728,8
-28.82313948,153.26054047,8
-28.82339573,153.25989664,7
-28.82468398,153.25851168,8
-28.82471886,153.25785627,8
-28.8263365,153.25002406,8
-28.82447183,153.25482165,6
-28.82195633,153.25800783,8
-28.82133361,153.2619696,8
-28.82180648,153.26537555,8
-28.82351951,153.2595603,6
-28.82410293,153.25812744,8
-28.82410293,153.25812744,8
-28.82469298,153.25814447,6
-28.82581323,153.25988081,8
-28.82479474,153.25692584,8
-28.82128985,153.26150498,6
-28.82395586,153.25719167,8
-28.82129685,153.26189764,8
-28.82377855,153.25835465,8
-28.8164936,153.25993282,7
-28.82033347,153.25966577,6
-28.82339541,153.25944595,6
-28.82332592,153.25966048,8
-28.82397526,153.25752551,8
-28.82407013,153.25787759,8
-28.82474966,153.25919535,8
-28.82451646,153.25791391,8
-28.82787079,153.26368707,8
-28.82491634,153.25791029,8
-28.8244087,153.25492377,6
-28.82032692,153.25987163,6
-28.82224114,153.25899458,6
-28.82400829,153.25814711,7
-28.82533057,153.25802578,8
-28.82367808,153.25706077,8
-28.82353558,153.25710224,8
-28.82367141,153.26106269,8
-28.82488056,153.26244771,8
-28.82466978,153.25854503,8
-28.82555216,153.25941123,8
-28.82404735,153.2575378,8
-28.82409303,153.26071156,6
-28.82356556,153.25717859,8
-28.81925507,153.26211358,8
-28.81922778,153.26696321,7
-28.82317241,153.26020383,8
-28.82376685,153.25808951,8
-28.82537336,153.25451069,6
-28.82760618,153.23212767,6
-28.82362419,153.25735136,8
-28.82521418,153.25465889,8
-28.82122221,153.25660634,7
-28.81589681,153.25994856,7
-28.82490656,153.25655442,8
-28.81667271,153.25971968,7
-28.8198753,153.26124303,6
-28.81849852,153.26279395,6
-28.82447023,153.25824536,8
-28.82463696,153.25802055,6
-28.81744718,153.25044488,8
-28.80071261,153.25864771,6
-28.82129866,153.26692212,6
-28.82332686,153.2598075,7
-28.82338691,153.27128706,7
-28.82454164,153.25461433,8
-28.82195643,153.25150125,6
-28.82212263,153.25859898,8
-28.82303512,153.25859555,8
-28.82314032,153.25855079,8
-28.823833,153.25794558,8
-28.82385694,153.25817254,8
-28.82461277,153.25838771,7
-28.82480319,153.25666846,8
-28.82908109,153.25248864,8
-28.82341875,153.25510434,8
-28.82154322,153.25107194,6
-28.82352475,153.29184374,8
-28.82422905,153.25822222,8
-28.8243203,153.25822836,8
-28.82604916,153.25817851,6
-28.81912718,153.25437952,8
-28.82365956,153.25705592,8
-28.82245064,153.25863659,8
-28.82407572,153.2573152,8
-28.84699256,153.26642337,6
-28.82349917,153.25714015,8
-28.82183404,153.25783353,8
-28.82360735,153.25734637,8
-28.82309289,153.26072624,7
-28.82388753,153.25814232,8
-28.82581725,153.25965912,6
-28.8328952,153.26068326,7
-28.8321481,153.26043411,7
-28.84570706,153.26446745,6
-28.82328629,153.25618324,8
-28.82299578,153.26080838,8
-28.8231357,153.26098546,8
-28.82472299,153.25935004,8
-28.82428624,153.25740685,8
-28.82606727,153.25959876,8
-28.83155171,153.2599631,7
-28.83261835,153.26035762,7
-28.83261835,153.26035762,7
-28.82631591,153.25510617,6
-28.82177844,153.25718044,8
-28.82335021,153.25841761,6
-28.82368637,153.25773803,8
-28.82348452,153.25994039,8
-28.82407486,153.25800771,8
-28.83357353,153.26059259,7
-28.83128265,153.24774627,8
-28.82410055,153.2565906,8
-28.82385151,153.25671535,8
-28.82353645,153.2571702,8
-28.82475697,153.26310055,8
-28.8256869,153.25988593,8
-28.85297074,153.26502674,6
-28.82469519,153.25708251,8
-28.82512351,153.25446544,6
-28.82464751,153.25455656,6
-28.82306958,153.25861895,8
-28.82291496,153.26079193,7
-28.82267846,153.26211493,6
-28.82427233,153.25818772,8
-28.82578448,153.26187771,8
-28.82449724,153.25815009,7
-28.82589112,153.26154939,8
-28.82581161,153.25819733,8
-28.82602885,153.25784343,8
-28.82218581,153.25481111,8
-28.81634301,153.2491906,8
-28.8192885,153.25386151,8
-28.80524564,153.25809535,7
-28.82064327,153.26173433,8
-28.82394909,153.25746959,8
-28.82397698,153.25744906,8
-28.82558149,153.26015522,8
-28.82192958,153.25455152,6
-28.81611087,153.2690913,8
-28.82238497,153.26203894,6
-28.82390771,153.257782,8
-28.82413209,153.258369,8
-28.82458302,153.26085873,8
-28.82431129,153.25858346,7
-28.82513216,153.25789106,8
-28.82563178,153.25604995,8
-28.82372389,153.25784717,8
-28.8237908,153.25822337,8
-28.82324692,153.26065715,8
-28.82479804,153.25979956,8
-28.82497887,153.26001186,6
-28.83329868,153.26188167,7
-28.83248447,153.25730606,8
-28.81749598,153.24983156,8
-28.82335748,153.25722103,8
-28.82545604,153.26082908,8
-28.83268631,153.26018021,7
-28.85313703,153.26590254,6
-28.82402443,153.25637274,8
-28.82308144,153.25644353,8
-28.81438416,153.25453462,8
-28.81684603,153.25858098,8
-28.8184127,153.25988795,6
-28.82159204,153.26388282,7
-28.82292297,153.26026904,8
-28.82407505,153.25781381,8
-28.82418335,153.25829706,8
-28.82473139,153.25927258,6
-28.82427831,153.2570565,8
-28.82147423,153.26145254,6
-28.82379865,153.25746897,8
-28.82149722,153.26167815,7
-28.8238322,153.25778654,8
-28.82289136,153.26118424,8
-28.82510842,153.26035328,8
-28.81593875,153.25243334,8
-28.81681638,153.25989515,7
-28.8235509,153.25754239,8
-28.82379955,153.2581823,8
-28.82410566,153.25810111,7
-28.82555122,153.25877722,8
-28.82360139,153.25087128,8
-28.82364053,153.25734301,8
-28.82145106,153.26526787,7
-28.82380236,153.25343826,6
-28.82370978,153.25622977,8
-28.82268953,153.25815844,8
-28.82246578,153.26049889,8
-28.82396998,153.25841964,8
-28.82464065,153.25805944,6
-28.82547529,153.25940364,7
-28.826277,153.2603111,8
-28.82146615,153.25109027,6
-28.82260311,153.25662193,8
-28.82191365,153.25878814,8
-28.82368014,153.25760487,6
-28.82372996,153.25760391,8
-28.82649521,153.26242858,8
-28.82798936,153.25469876,6
-28.8151657,153.25124796,8
-28.82168286,153.25808319,8
-28.82029746,153.25950966,8
-28.82040557,153.26110035,7
-28.82286938,153.26120944,8
-28.82404462,153.25945765,8
-28.82415978,153.26001733,8
-28.82480423,153.26276325,8
-28.82462843,153.25950294,8
-28.82472424,153.25941195,6
-28.82448271,153.2583113,7
-28.82541478,153.26022811,8
-28.83649929,153.26840133,7
-28.82330562,153.25438524,8
-28.82239543,153.25493817,8
-28.82224073,153.25899503,8
-28.82361909,153.25747865,8
-28.82250528,153.25929967,8
-28.82493051,153.26174559,8
-28.8234247,153.25436701,6
-28.81862763,153.26032744,6
-28.82376752,153.25740541,8
-28.8231557,153.25960513,7
-28.82397169,153.25834423,8
-28.82434221,153.25927333,8
-28.8252122,153.26025429,8
-28.82592346,153.26016514,8
-28.82467132,153.25547784,8
-28.82036419,153.25160989,6
-28.82390346,153.25694075,8
-28.82373354,153.25751854,8
-28.82299111,153.26032716,8
-28.8232336,153.26044027,8
-28.82342398,153.26024787,8
-28.82499287,153.26075122,7
-28.82457548,153.25868096,7
-28.82434844,153.25758577,8
-28.82346769,153.25493775,8
-28.82369934,153.25706664,8
-28.82365453,153.25764476,8
-28.82141179,153.26165767,6
-28.82384829,153.25756796,8
-28.82375031,153.25791474,8
-28.82288538,153.26216924,7
-28.82343271,153.25992501,8
-28.82270427,153.26353822,7
-28.82354927,153.25956976,7
-28.82450625,153.25904281,8
-28.81842922,153.25945158,7
-28.8236141,153.25732927,8
-28.82229868,153.25898378,6
-28.8239482,153.2582948,8
-28.8239482,153.2582948,8
-28.82441579,153.25492642,6
-28.82395682,153.25640625,8
-28.81990791,153.26117456,7
-28.82118171,153.26130505,6
-28.82483414,153.25831281,6
-28.82481752,153.25818798,6
-28.82547931,153.25829107,8
-28.82520783,153.25307624,8
-28.81467544,153.24929917,8
-28.82195503,153.26099048,8
-28.82420682,153.25825748,8
-28.82466952,153.25815206,6
-28.82393021,153.25470603,8
-28.81975006,153.25633661,8
-28.82197209,153.25854755,8
-28.8230066,153.25847349,8
-28.82423959,153.25821357,7
-28.82511372,153.2619909,8
-28.82507806,153.24962456,6
-28.82408378,153.2567261,8
-28.81993394,153.25740423,8
-28.81784528,153.25950855,7
-28.82348612,153.25729916,8
-28.8239129,153.25773458,8
-28.8239129,153.25773458,8
-28.82387959,153.2595854,7
-28.8257116,153.25678958,8
-28.82462725,153.25460517,8
-28.82507699,153.24909594,7
-28.82191976,153.25552311,8
-28.82189736,153.25734867,8
-28.82341385,153.25725237,8
-28.81881605,153.26373222,8
-28.82315385,153.26009432,8
-28.82481782,153.25799999,8
-28.82617511,153.2594311,8
-28.83185394,153.25695394,8
-28.82386896,153.25462216,8
-28.82371945,153.25600319,8
-28.82315294,153.25708809,8
-28.80670091,153.26657907,8
-28.82365289,153.25730641,8
-28.82124318,153.261392,6
-28.82368246,153.25768602,8
-28.82334072,153.25864005,6
-28.82388564,153.2576248,8
-28.82431662,153.25894848,8
-28.82479288,153.25937241,8
-28.82423173,153.25719573,8
-28.82469736,153.25454747,6
-28.82442037,153.25491975,6
-28.82484828,153.25038205,7
-28.81214875,153.27047525,8
-28.82329439,153.25926242,7
-28.82401589,153.25871253,8
-28.8240902,153.25807893,8
-28.82422428,153.25810254,8
-28.82421185,153.25797487,8
-28.82426399,153.25820805,7
-28.82493624,153.26077014,8
-28.82473961,153.25950575,6
-28.82414252,153.2560666,8
-28.82361516,153.25703434,8
-28.82312294,153.25713683,8
-28.82242591,153.25861314,8
-28.82225212,153.26311899,8
-28.82290064,153.26100689,8
-28.82399401,153.25820021,7
-28.82440339,153.25839453,8
-28.82205115,153.25669625,8
-28.82377461,153.25713715,8
-28.82461101,153.25797785,8
-28.82553232,153.25368981,8
-28.81916191,153.25149978,8
-28.82331816,153.25720966,8
-28.8236196,153.25750259,8
-28.82243824,153.25982082,8
-28.82142209,153.26525106,8
-28.8063488,153.26061732,7
-28.8235174,153.25727033,8
-28.82000672,153.26105485,6
-28.8228339,153.25843211,8
-28.82294778,153.26069913,8
-28.82321718,153.26045568,6
-28.82521733,153.26116027,8
-28.82006219,153.25153229,6
-28.81842516,153.25835584,8
-28.81653225,153.25957632,7
-28.82371344,153.25776956,8
-28.82371344,153.25776956,8
-28.82401127,153.25721022,8
-28.82382621,153.25809351,8
-28.82215381,153.2873101,8
-28.82439525,153.2602666,7
-28.82436685,153.25818589,8
-28.82504039,153.2596771,8
-28.82128635,153.2566358,6
-28.81816453,153.25980006,7
-28.81451075,153.26680892,8
-28.82601798,153.25920361,7
-28.82427059,153.2568488,8
-28.82423973,153.25631804,8
-28.82224954,153.25021111,7
-28.82154806,153.25864398,8
-28.82316737,153.25758814,8
-28.82361295,153.25738478,8
-28.82319846,153.26035978,8
-28.82508737,153.28513037,8
-28.82595928,153.25994259,7
-28.82583279,153.25741295,8
-28.82506031,153.2557747,8
-28.82129707,153.25667945,6
-28.82299467,153.25883722,6
-28.82386246,153.2582758,8
-28.82452558,153.25868934,6
-28.8247268,153.25815471,6
-28.82303207,153.24871991,8
-28.82325673,153.25634224,8
-28.8227776,153.25683248,8
-28.8216491,153.2573589,8
-28.82092572,153.26224376,8
-28.82371097,153.25778131,8
-28.82348613,153.25828064,8
-28.82400157,153.25813834,8
-28.82419548,153.25803068,7
-28.82445481,153.25796007,8
-28.82473785,153.25805991,6
-28.81858146,153.26042294,6
-28.823618,153.25730861,8
-28.82320887,153.26002262,7
-28.8240313,153.25776404,8
-28.82485082,153.25935371,8
-28.82455843,153.25829054,6
-28.82426394,153.25735768,8
-28.8230295,153.25638484,8
-28.82036655,153.25502995,8
-28.8236123,153.25687773,8
-28.82312194,153.26218279,7
-28.82381081,153.26035587,8
-28.82408012,153.25857221,7
-28.8243859,153.25812547,8
-28.82472201,153.25937056,7
-28.82464531,153.25815756,8
-28.82555287,153.25737684,8
-28.8270337,153.25464975,7
-28.82455434,153.25466985,6
-28.82390103,153.25770622,8
-28.82524486,153.25838599,8
-28.83271811,153.25720411,8
-28.82442975,153.25490773,6
-28.82300412,153.26096746,8
-28.82333894,153.260483,7
-28.82425863,153.25808146,7
-28.82462051,153.25939564,7
-28.8244864,153.25883772,8
-28.82809809,153.26543729,8
-28.82607643,153.2592715,7
-28.8231082,153.25497481,8
-28.82209804,153.25453912,8
-28.82311355,153.2566919,8
-28.82300536,153.25899779,8
-28.82377594,153.25764671,8
-28.82302681,153.26126185,8
-28.82442117,153.25754465,8
-28.82597615,153.25968627,8
-28.82613267,153.25657649,8
-28.82471841,153.25653394,8
-28.82748813,153.25425433,6
-28.82117803,153.25460797,7
-28.82086784,153.25599704,7
-28.82121276,153.25711011,8
-28.8200341,153.25824359,8
-28.82165444,153.25863872,8
-28.82364037,153.25750904,8
-28.82344181,153.26139421,8
-28.83156377,153.25745503,8
-28.82497719,153.25457154,8
-28.82432532,153.25047994,8
-28.82268945,153.26327439,7
-28.8247579,153.26358087,8
-28.8259751,153.26224278,8
-28.8243193,153.25751942,8
-28.82459274,153.2580639,6
-28.82452186,153.2581892,6
-28.82320444,153.25571632,8
-28.81977773,153.26089655,7
-28.82216075,153.25879558,8
-28.82381494,153.25731131,8
-28.82259138,153.26318818,7
-28.82373403,153.25903342,8
-28.83241001,153.25890584,8
-28.82555654,153.25480146,6
-28.82327458,153.25550614,8
-28.82327807,153.25556532,8
-28.81425103,153.25130563,8
-28.82384018,153.25689772,8
-28.82321934,153.2571317,8
-28.82171713,153.25753023,8
-28.81179786,153.26899817,8
-28.81997302,153.26357548,8
-28.82403107,153.25759228,8
-28.82415866,153.26038273,8
-28.8262524,153.26037235,8
-28.82465417,153.25388605,8
-28.82352984,153.25557794,8
-28.82376891,153.25695981,8
-28.82524289,153.25921548,8
-28.82556449,153.25959593,8
-28.82479573,153.2581138,7
-28.82483714,153.25725307,8
-28.82823838,153.25714107,8
-28.825027,153.25668304,8
-28.80683855,153.26244631,7
-28.82284473,153.2580266,8
-28.82110943,153.25956134,8
-28.82329487,153.26068956,8
-28.82475393,153.25898169,6
-28.82462583,153.25803645,7
-28.82448398,153.25679123,8
-28.82306512,153.25191096,8
-28.82323255,153.25697255,8
-28.82366442,153.25758117,8
-28.82366442,153.25758117,8
-28.82187768,153.26412949,7
-28.82430302,153.2589422,8
-28.82545911,153.26222804,8
-28.82375972,153.25648308,8
-28.82252842,153.25479756,8
-28.8235477,153.25751966,8
-28.82585554,153.26125403,8
-28.82147385,153.25091078,6
-28.8236693,153.25706346,8
-28.82367135,153.25750227,8
-28.82063099,153.26248305,8
-28.82370328,153.25764568,7
-28.82519342,153.26294747,8
-28.82289986,153.25441473,8
-28.82360713,153.25711821,8
-28.82337472,153.25723715,8
-28.82382776,153.25723451,8
-28.82143251,153.26145524,6
-28.82371346,153.25794035,8
-28.81363194,153.24888828,8
-28.82428093,153.25808022,8
-28.82305083,153.255806,8
-28.82095192,153.25655221,8
-28.82361254,153.2573276,8
-28.82379109,153.25818672,8
-28.82337156,153.26070861,8
-28.82406129,153.25816262,6
-28.82419707,153.25836494,8
-28.82503421,153.26183813,8
-28.82482153,153.25980431,8
-28.82463519,153.25842104,8
-28.82573334,153.2556768,8
-28.82384441,153.25486786,8
-28.82330666,153.25647234,8
-28.82383498,153.25815931,8
-28.82565646,153.26088203,8
-28.82223757,153.25902547,7
-28.82336682,153.25962173,8
-28.82420835,153.25775309,8
-28.82485749,153.25692926,8
-28.82641712,153.25629121,8
-28.82458342,153.25465739,6
-28.82453016,153.25480144,6
-28.82401853,153.25752504,8
-28.82415254,153.25805841,8
-28.82567082,153.26096972,8
-28.82611193,153.26055662,8
-28.8213506,153.25784174,8
-28.80495288,153.26424399,6
-28.82375423,153.25772461,8
-28.82493785,153.25936745,8
-28.82957397,153.25486385,8
-28.82536221,153.25603547,8
-28.82514294,153.25436607,6
-28.82343218,153.25720413,8
-28.82343218,153.25720413,8
-28.82234806,153.2585273,8
-28.82369517,153.25742235,7
-28.82465132,153.25899588,8
-28.82459319,153.25819841,6
-28.8247342,153.25820507,8
-28.82289407,153.25666785,8
-28.81995278,153.26564953,8
-28.82484232,153.25850937,8
-28.8254468,153.2593702,8
-28.82610435,153.25316463,8
-28.82230967,153.25585817,8
-28.81686889,153.25385991,8
-28.8229221,153.26116024,8
-28.825491,153.25596694,8
-28.8165149,153.25879244,8
-28.82293125,153.25757837,8
-28.82370171,153.25753844,7
-28.82254985,153.25965477,8
-28.82392531,153.25770415,8
-28.82332248,153.26061591,8
-28.82504605,153.2600567,8
-28.82397929,153.25613717,8
-28.82344815,153.25725384,8
-28.82375858,153.25767954,8
-28.82203683,153.26212316,8
-28.82410188,153.25804831,8
-28.82412274,153.25810796,8
-28.82445826,153.25780254,8
-28.82556934,153.259034,8
-28.82883804,153.25701283,8
-28.82566009,153.2550499,8
-28.82394457,153.25472488,8
-28.8214791,153.25098709,6
-28.82381321,153.25659795,8
-28.81904942,153.25511654,8
-28.82342518,153.25677601,8
-28.81852724,153.26253772,7
-28.82316363,153.25850431,8
-28.82382993,153.25745989,8
-28.82435007,153.25879362,8
-28.82037749,153.25805088,8
-28.82429259,153.25805668,7
-28.82446697,153.2588097,8
-28.83283105,153.25829637,8
-28.82269186,153.25668626,7
-28.82360135,153.25687632,8
-28.8181314,153.25981946,6
-28.82363899,153.25755277,8
-28.82363899,153.25755277,8
-28.82394927,153.25741404,8
-28.82390842,153.25804135,8
-28.82446108,153.25832589,8
-28.82476826,153.25814335,6
-28.82354928,153.25711381,8
-28.82318015,153.25601901,8
-28.82359223,153.25647612,8
-28.823743,153.25905421,7
-28.82483801,153.26101177,8
-28.82452234,153.25831493,8
-28.82609996,153.25912446,8
-28.82121912,153.25612685,7
-28.82272545,153.25683308,8
-28.82283525,153.25701141,8
-28.820865,153.26241719,8
-28.82302435,153.26086301,8
-28.82834752,153.25610471,8
-28.82448022,153.25015696,7
-28.82391753,153.25628544,8
-28.82369574,153.25709683,8
-28.82357404,153.25732343,8
-28.8260356,153.26132777,8
-28.82646613,153.25647782,8
-28.82639728,153.25016181,8
-28.8245126,153.25441099,8
-28.80746341,153.26472065,7
-28.82041789,153.25997083,8
-28.82322236,153.26027129,7
-28.82336966,153.26037862,8
-28.8242098,153.25977307,8
-28.82494706,153.26025717,7
-28.82655806,153.26182234,8
-28.8277679,153.25568926,8
-28.82458587,153.25480768,6
-28.81821182,153.25981389,6
-28.82361951,153.25738075,8
-28.81927335,153.26005135,8
-28.81845204,153.26218548,8
-28.82374965,153.25736047,8
-28.82407291,153.25743284,8
-28.82374736,153.25448944,8
-28.82331202,153.26014443,6
-28.82459074,153.25811361,6
-28.82468815,153.2576111,8
-28.82121277,153.2563151,7
-28.81824936,153.25945835,8
-28.82256887,153.25953362,8
-28.8244355,153.25965127,8
-28.8249088,153.25861839,8
-28.82474855,153.2581261,6
-28.82700492,153.2537985,8
-28.81799353,153.25548465,8
-28.81345558,153.25463823,8
-28.82422233,153.25960831,8
-28.82454351,153.25827357,6
-28.82609536,153.26180364,8
-28.82460392,153.25486756,8
-28.82316137,153.25281084,8
-28.82140035,153.25582641,7
-28.82344003,153.25723834,8
-28.82369631,153.25763455,8
-28.82369631,153.25763455,8
-28.82369631,153.25763455,8
-28.81929871,153.26588491,7
-28.8231943,153.25900012,7
-28.82192514,153.26208799,8
-28.81936752,153.26869477,8
-28.82312918,153.26074265,7
-28.82613433,153.25998452,7
-28.81393226,153.25633704,8
-28.81616998,153.25751832,6
-28.8165228,153.25991094,7
-28.82224272,153.25846181,7
-28.82225852,153.25858946,7
-28.82228076,153.25977627,8
-28.82275333,153.25934088,7
-28.82415246,153.25946785,8
-28.82427825,153.25811836,8
-28.82440242,153.25817655,8
-28.82575787,153.25993623,8
-28.82501039,153.25657743,8
-28.82105038,153.25599014,6
-28.81227051,153.25624883,8
-28.81998064,153.26124809,6
-28.8237211,153.257573,8
-28.82147288,153.26146981,6
-28.82454582,153.25996115,8
-28.82426453,153.25806301,8
-28.82309119,153.25284014,6
-28.82355685,153.25723104,8
-28.82365737,153.25917296,8
-28.82312305,153.25869143,7
-28.82586656,153.2598134,8
-28.8236508,153.25743314,8
-28.82316194,153.25886091,8
-28.82308453,153.25985367,8
-28.82349948,153.25872134,8
-28.8241857,153.2581358,7
-28.82445495,153.2582364,8
-28.82629291,153.26056868,8
-28.84559758,153.27407262,7
-28.81939915,153.25369877,8
-28.82351783,153.25697603,8
-28.82334669,153.26026289,7
-28.824046,153.25785845,8
-28.82583553,153.25655452,8
-28.81969358,153.26186037,6
-28.82384379,153.25803679,7
-28.82386868,153.2580368,7
-28.82419066,153.25839138,7
-28.82453496,153.24899261,6
-28.82337759,153.25686128,8
-28.82295757,153.26035334,7
-28.82440731,153.25794631,8
-28.82470228,153.25867905,8
-28.82473429,153.2585552,8
-28.82465676,153.25802963,8
-28.82582904,153.25332283,6
-28.82365461,153.25635104,8
-28.81997605,153.25537299,8
-28.81954287,153.2565203,8
-28.82367446,153.25758758,6
-28.82333983,153.25876494,8
-28.82365525,153.25817605,8
-28.82326936,153.25963136,7
-28.82506265,153.26339192,8
-28.82607028,153.2601178,8
-28.82446722,153.25726357,8
-28.81645498,153.25919669,7
-28.8204872,153.25817366,8
-28.82257851,153.25854658,8
-28.81956996,153.26180271,6
-28.8236805,153.25772082,8
-28.82250566,153.26313745,7
-28.82324457,153.26066084,8
-28.82405715,153.25828158,8
-28.82444734,153.26098773,8
-28.82428308,153.2583955,8
-28.82426555,153.25776581,8
-28.82474192,153.25919539,7
-28.82527781,153.2608288,8
-28.82757644,153.25626933,6
-28.82519267,153.25432651,8
-28.82310875,153.25282808,8
-28.82293319,153.25498774,8
-28.82374515,153.25683046,8
-28.82319692,153.25845297,7
-28.82455059,153.25966388,8
-28.82497015,153.26069419,8
-28.82470708,153.2584178,8
-28.82464763,153.25652306,8
-28.82258392,153.25671546,8
-28.82124388,153.26139092,6
-28.82377631,153.2580317,8
-28.8237956,153.25805388,8
-28.82408591,153.25795996,7
-28.82411495,153.25907452,8
-28.82454158,153.26137508,8
-28.82426374,153.25817902,8
-28.82441834,153.25791042,7
-28.82458723,153.25482535,6
-28.82326982,153.25374515,8
-28.81956727,153.2612025,6
-28.82404525,153.25791782,8
-28.82404417,153.25934274,6
-28.82437615,153.2606854,8
-28.82436011,153.25818932,8
-28.82447328,153.25838969,8
-28.83066888,153.25423481,8
-28.82001679,153.2553185,8
-28.82297627,153.25658242,8
-28.82561671,153.25876939,8
-28.82319115,153.25706858,7
-28.82385208,153.25736424,8
-28.82376074,153.25758887,8
-28.82475745,153.25983625,6
-28.82474327,153.25970654,8
-28.82480364,153.25855046,8
-28.82285366,153.25500694,8
-28.82496905,153.25929678,6
-28.83956787,153.26765782,7
-28.8233822,153.25675842,8
-28.8196458,153.25967572,8
-28.82583482,153.26075898,8
-28.82426857,153.25623715,8
-28.81974595,153.25429506,8
-28.82104188,153.25601208,6
-28.81717992,153.25877835,6
-28.82358123,153.25712754,8
-28.82352673,153.25729333,8
-28.8224203,153.25927322,8
-28.82363601,153.2577473,8
-28.82313181,153.26008587,8
-28.82419117,153.25795273,7
-28.82572359,153.26045269,8
-28.82455599,153.25481888,8
-28.81820339,153.25594189,8
-28.8247127,153.2581467,6
-28.82334332,153.25605909,8
-28.81770627,153.25126747,8
-28.8231195,153.25707761,8
-28.81868828,153.26242174,8
-28.82350507,153.25794892,8
-28.82192084,153.26276131,8
-28.82416075,153.25825054,8
-28.82480857,153.25551111,8
-28.81347708,153.25260855,8
-28.82216919,153.25876353,7
-28.82046846,153.26458768,8
-28.82286443,153.2595079,8
-28.82314515,153.25988826,6
-28.82309149,153.26040546,7
-28.82470007,153.25804201,6
-28.82568838,153.25955133,7
-28.8170763,153.25891088,6
-28.82395106,153.25810646,7
-28.83789151,153.25233801,6
-28.82210051,153.25603257,8
-28.82322047,153.2598627,8
-28.82339247,153.2601031,7
-28.82396941,153.25751812,8
-28.82377401,153.25991717,8
-28.82647691,153.25671232,8
-28.82305752,153.25737672,8
-28.82278956,153.26018431,8
-28.81376664,153.25438762,8
-28.82265683,153.25847646,8
-28.82379378,153.25811198,8
-28.82452079,153.25823333,6
-28.82468538,153.25745273,8
-28.82482869,153.25725651,8
-28.83161566,153.25734661,8
-28.82416707,153.25519596,8
-28.82008329,153.25572557,8
-28.82358696,153.25732087,8
-28.81951179,153.26626984,8
-28.8241365,153.25812002,6
-28.82442132,153.25809619,8
-28.83173342,153.25745514,8
-28.81914177,153.2617274,8
-28.82214214,153.25896598,6
-28.81226532,153.28210925,7
-28.81991356,153.26765832,8
-28.82386869,153.25992011,8
-28.82452063,153.25820892,6
-28.82596921,153.25811875,7
-28.82419303,153.25495425,6
-28.82382238,153.25675405,8
-28.80247496,153.26724455,7
-28.82376239,153.25802898,8
-28.82428472,153.25837809,8
-28.82432677,153.25745981,8
-28.83018094,153.25615247,8
-28.82234644,153.25393745,8
-28.82321736,153.25623546,8
-28.8179667,153.25989832,7
-28.82398628,153.25808403,7
-28.82453577,153.25794188,8
-28.82455757,153.25786234,8
-28.82457489,153.25742036,8
-28.82484957,153.25748864,8
-28.82600471,153.25658421,8
-28.8260747,153.25421537,8
-28.82476392,153.25443761,6
-28.82380969,153.25608726,8
-28.8228937,153.25693201,8
-28.82279019,153.25701014,8
-28.82103102,153.25898645,8
-28.81914944,153.26172063,6
-28.82364261,153.25754909,8
-28.82369888,153.25759492,8
-28.82261403,153.26349569,8
-28.82377617,153.25838215,8
-28.82591757,153.25825409,8
-28.82594865,153.25814579,7
-28.82342329,153.25561922,8
-28.82436543,153.25864755,8
-28.82950926,153.25137828,8
-28.82524902,153.25529969,8
-28.82473452,153.25538926,8
-28.8236824,153.25666817,8
-28.82007855,153.26136706,6
-28.82419307,153.25758638,8
-28.82819707,153.26317421,6
-28.82116588,153.25605612,6
-28.82314591,153.25836969,8
-28.82236238,153.26020132,8
-28.82527509,153.25976155,7
-28.82465324,153.25814307,6
-28.81718339,153.2500857,8
-28.8242966,153.25808547,8
-28.82428203,153.25782476,8
-28.8265961,153.26534413,8
-28.82459204,153.25806241,7
-28.82651476,153.2533573,8
-28.82237567,153.26195964,8
-28.823821,153.2588897,8
-28.82478913,153.25814514,6
-28.82624117,153.25939621,8
-28.82680875,153.25185165,7
-28.8235127,153.25625089,8
-28.82294612,153.25791135,8
-28.82234378,153.25872135,8
-28.8237052,153.25765637,6
-28.82338179,153.25978023,8
-28.82338179,153.25978023,8
-28.8238569,153.25802839,6
-28.82360947,153.25923029,7
-28.82382846,153.2590256,8
-28.82384518,153.25983449,8
-28.82393715,153.25950269,8
-28.82376553,153.25648766,8
-28.82376318,153.25690998,8
-28.81850824,153.26020024,6
-28.81920145,153.26209058,7
-28.82126356,153.26142159,6
-28.82368537,153.25773074,8
-28.82368537,153.25773074,8
-28.82383744,153.25764543,8
-28.82380668,153.25809213,8
-28.82333032,153.26066578,7
-28.82441999,153.25971492,8
-28.82507567,153.25962422,6
-28.82296426,153.25705146,6
-28.82362629,153.25745475,8
-28.82372418,153.25777008,8
-28.82461573,153.2594021,8
-28.82627255,153.26227439,8
-28.83078915,153.25691414,8
-28.82229246,153.25893814,8
-28.82407143,153.25934455,7
-28.82442234,153.25828798,8
-28.82477433,153.25645892,8
-28.8246602,153.25625982,8
-28.82349508,153.25729511,8
-28.82297657,153.25945064,8
-28.82395549,153.25839617,8
-28.82434251,153.25889777,8
-28.83210016,153.26829172,8
-28.83160859,153.25646907,8
-28.82145568,153.25766424,8
-28.82244207,153.25840672,6
-28.82662487,153.25639682,8
-28.82328147,153.25715829,8
-28.82333208,153.25753331,8
-28.82386947,153.25962361,8
-28.82479445,153.26322944,8
-28.82446883,153.25823614,8
-28.82415455,153.25644972,8
-28.82269474,153.24550377,8
-28.8239776,153.2578639,8
-28.82397443,153.25811038,8
-28.82445431,153.25937055,7
-28.82649726,153.26516798,8
-28.82459091,153.25859878,6
-28.82404767,153.25463155,8
-28.8232846,153.25425743,8
-28.82191311,153.25734023,8
-28.82369615,153.25768661,8
-28.82306838,153.2589624,8
-28.82417538,153.25812606,8
-28.8245619,153.25950961,6
-28.82502397,153.2611153,8
-28.82811184,153.2705528,8
-28.8255459,153.2602834,8
-28.82467503,153.25804971,6
-28.82896785,153.24535093,6
-28.82109307,153.23227477,8
-28.8228699,153.25648783,6
-28.82131926,153.25785788,8
-28.81994512,153.25834294,6
-28.82197437,153.26226461,8
-28.82447716,153.25984651,7
-28.82423365,153.25773119,8
-28.82500093,153.25931619,8
-28.82470006,153.25814132,6
-28.82525562,153.25803456,8
-28.82469833,153.25446109,8
-28.82397527,153.25674183,8
-28.82337063,153.2568429,8
-28.82353294,153.25770661,7
-28.82337155,153.25825563,6
-28.82463504,153.25905335,6
-28.82472329,153.25909843,7
-28.82611458,153.25856495,8
-28.83228311,153.26200864,6
-28.82675121,153.25450654,8
-28.81915103,153.26203031,8
-28.82312502,153.25884821,6
-28.82450325,153.25814373,7
-28.83640598,153.26880547,7
-28.82343247,153.25556008,8
-28.82374348,153.25686058,8
-28.82269643,153.25942338,8
-28.82354692,153.25959522,6
-28.82413245,153.25846888,8
-28.8262256,153.26098693,8
-28.83033165,153.25950106,8
-28.82394882,153.25644934,8
-28.81758197,153.25876436,8
-28.82432354,153.26063349,8
-28.82423736,153.25821567,8
-28.82466925,153.25706846,8
-28.82355991,153.25538097,8
-28.82334463,153.25632763,8
-28.82381088,153.25676887,8
-28.82171273,153.25757038,8
-28.82076972,153.26222057,7
-28.82294618,153.25974735,7
-28.82389861,153.25816435,8
-28.82361152,153.25212981,8
-28.82105573,153.25973825,8
-28.82202138,153.26347722,7
-28.82332965,153.26037804,8
-28.82486332,153.2648774,8
-28.82483409,153.25831274,6
-28.82452871,153.25749315,8
-28.82441459,153.24960852,6
-28.8209941,153.25238751,8
-28.81963592,153.25408813,8
-28.82192975,153.25833813,8
-28.82220699,153.25853707,8
-28.82246381,153.26050553,8
-28.82361558,153.25860919,8
-28.82528695,153.26204012,8
-28.82428144,153.25771911,8
-28.82443972,153.25829823,8
-28.82633561,153.25690716,8
-28.82761924,153.25626508,8
-28.81804996,153.25171021,8
-28.81784151,153.26070567,6
-28.820645,153.26534368,8
-28.82605893,153.25820379,7
-28.8222407,153.25899507,7
-28.82513092,153.25837145,8
-28.81668998,153.258926,6
-28.81937111,153.26016084,8
-28.82361317,153.25741722,8
-28.82124499,153.26519679,7
-28.82746213,153.26466048,8
-28.8260717,153.26131573,8
-28.83141681,153.25956388,8
-28.82557202,153.25454583,8
-28.82322435,153.25663803,8
-28.8235276,153.25748281,8
-28.82233567,153.25872049,8
-28.82415417,153.25811329,8
-28.82442655,153.25813567,8
-28.82605096,153.25706233,8
-28.82405272,153.25659037,8
-28.82342166,153.2545561,8
-28.82130832,153.25659612,6
-28.82412211,153.25767532,7
-28.81689685,153.25955037,7
-28.82422768,153.25814927,7
-28.82465714,153.25953536,8
-28.82329369,153.25608297,8
-28.82288094,153.25650113,8
-28.82219312,153.25901889,7
-28.82431442,153.25923442,8
-28.82497144,153.2594404,7
-28.82563363,153.25788635,6
-28.82349422,153.25377749,8
-28.8227058,153.25591245,8
-28.82041621,153.25861498,8
-28.82387262,153.25773331,8
-28.82421994,153.25792599,8
-28.82469228,153.25800471,8
-28.82983805,153.24447501,8
-28.82385965,153.25697394,8
-28.81852028,153.25969376,6
-28.82088939,153.26219279,8
-28.82935618,153.25157833,8
-28.82408491,153.25791702,8
-28.82437776,153.25836517,8
-28.82637216,153.25649794,8
-28.82614511,153.2559003,8
-28.82356973,153.2546929,8
-28.82346485,153.25725467,8
-28.82133938,153.26196563,6
-28.82373131,153.25776851,8
-28.82374859,153.25784291,8
-28.82402968,153.25805479,8
-28.82422342,153.25808965,8
-28.82446891,153.25813306,8
-28.82548626,153.25792667,8
-28.83289289,153.26035778,8
-28.82627737,153.25738134,8
-28.8212464,153.25605349,8
-28.81962119,153.26665933,8
-28.82331541,153.25979398,8
-28.82439655,153.26068543,8
-28.82442206,153.25952581,8
-28.82544852,153.26447982,8
-28.82440917,153.25816754,8
-28.82452145,153.25842852,6
-28.82527653,153.26069333,8
-28.82442334,153.25799175,8
-28.82465186,153.2583769,8
-28.82456467,153.25757857,8
-28.82561423,153.25686592,8
-28.82413085,153.25616088,8
-28.82393713,153.25424718,8
-28.8217914,153.25379349,8
-28.82286282,153.25753768,8
-28.82377067,153.25736241,7
-28.82129695,153.26092249,8
-28.8230663,153.26217868,8
-28.82462807,153.25932594,6
-28.82569088,153.26156366,8
-28.82490931,153.25781178,8
-28.82482943,153.25469436,6
-28.8197245,153.25523665,8
-28.82379723,153.25700185,8
-28.82180499,153.25971675,8
-28.82180392,153.26318471,7
-28.82437741,153.25810273,8
-28.82598515,153.25682946,8
-28.8229213,153.25375322,8
-28.82209798,153.2563769,6
-28.82109485,153.25607703,8
-28.82359694,153.25732161,6
-28.82335202,153.26201094,8
-28.8245598,153.25804405,6
-28.82451441,153.2568917,8
-28.82546503,153.25167538,8
-28.82047368,153.25325821,8
-28.82254131,153.25716629,8
-28.82127765,153.25757247,8
-28.82101714,153.25834918,8
-28.82382918,153.25721643,8
-28.82270363,153.26314234,7
-28.8236414,153.26418859,8
-28.8248541,153.25937658,6
-28.82486386,153.25891433,8
-28.82583082,153.26093877,8
-28.82476934,153.25487963,8
-28.82389105,153.25647974,8
-28.81827751,153.25954602,7
-28.8232208,153.25917859,7
-28.82400113,153.25962873,8
-28.82472818,153.2599109,8
-28.82462831,153.25819807,7
-28.8237988,153.25511856,8
-28.82137666,153.25609559,6
-28.81870053,153.25928328,8
-28.82354683,153.25783829,8
-28.82393956,153.25802444,8
-28.82466821,153.25952332,8
-28.82555695,153.25891277,8
-28.82609237,153.25928944,8
-28.82115956,153.24879768,8
-28.82377388,153.25717424,8
-28.81895243,153.26181932,8
-28.82368895,153.25767558,8
-28.82324955,153.25858057,8
-28.82316506,153.26045692,8
-28.82325523,153.2603379,8
-28.82470593,153.25429628,8
-28.82314824,153.2542924,8
-28.81811211,153.25979507,7
-28.82357266,153.25724628,8
-28.82308865,153.25990977,8
-28.82476551,153.25824314,8
-28.82473833,153.25804544,6
-28.82350455,153.25642408,8
-28.81783242,153.25410594,8
-28.82343916,153.25694828,8
-28.82313496,153.25778298,8
-28.82384019,153.25756497,8
-28.82341346,153.25881123,8
-28.82517498,153.26124995,8
-28.8245938,153.25867725,8
-28.82594786,153.26023164,8
-28.82960719,153.25405985,8
-28.8244549,153.25346395,8
-28.82022749,153.25729456,8
-28.82067341,153.26122481,8
-28.82406328,153.25978545,8
-28.82262354,153.26210701,8
-28.82308095,153.26104627,8
-28.8244623,153.25821553,8
-28.81786878,153.2555719,6
-28.82116963,153.25639818,6
-28.8180984,153.25957375,6
-28.82249941,153.25843386,8
-28.82359932,153.25744236,8
-28.82002516,153.26192878,8
-28.82202449,153.26346501,7
-28.82526937,153.25923828,8
-28.82500501,153.25297515,7
-28.81802474,153.25573718,7
-28.82056371,153.2600356,8
-28.82400513,153.25799925,7
-28.8240212,153.2578903,8
-28.82413069,153.26178792,8
-28.82416593,153.25810384,8
-28.82416593,153.25810384,7
-28.82490736,153.26077244,8
-28.82460979,153.25858202,8
-28.82454725,153.25518488,6
-28.82410561,153.25486741,8
-28.81678951,153.25917208,6
-28.82216325,153.25862813,7
-28.8213207,153.26185516,6
-28.82053151,153.26492605,8
-28.82341276,153.25926832,8
-28.82701578,153.25633451,8
-28.82193467,153.25400147,8
-28.81961395,153.25487679,7
-28.82351425,153.25682024,8
-28.82338416,153.25719203,8
-28.82153609,153.25800858,8
-28.8234955,153.25733749,8
-28.80576899,153.28927475,6
-28.82152781,153.2615549,8
-28.82261994,153.26114127,8
-28.82384766,153.25890503,8
-28.82593858,153.25731542,8
-28.82488219,153.2546415,6
-28.82103878,153.25715241,8
-28.81844743,153.26002471,6
-28.82288529,153.25822526,8
-28.82367428,153.25758785,6
-28.8232583,153.26050458,8
-28.82342698,153.26167664,8
-28.83182375,153.25757707,8
-28.82359893,153.25803223,8
-28.82431385,153.2578468,8
-28.82519105,153.25638834,8
-28.82165043,153.25796526,8
-28.82080196,153.26102225,7
-28.8238542,153.25778552,8
-28.82323349,153.26019495,8
-28.82328897,153.26005285,8
-28.83137548,153.2572677,8
-28.82286688,153.25413915,8
-28.8235153,153.25633339,8
-28.81818942,153.25698957,8
-28.82285094,153.25739007,7
-28.82121011,153.26521386,7
-28.82423069,153.25926431,6
-28.82555646,153.25950686,6
-28.82078667,153.25591272,7
-28.8199202,153.25582933,8
-28.82310796,153.25885297,8
-28.82388354,153.25906626,7
-28.82409716,153.25811554,8
-28.82689871,153.25784624,8
-28.82800656,153.25422932,8
-28.81965821,153.25605098,8
-28.82326735,153.25847593,7
-28.82375959,153.25765364,8
-28.82369186,153.25793903,8
-28.82319832,153.26005951,7
-28.82333678,153.26013227,8
-28.82466049,153.25897388,8
-28.82620186,153.2611163,8
-28.8197493,153.26206009,7
-28.82402059,153.25774613,8
-28.82203692,153.2563491,6
-28.82348223,153.25770589,8
-28.82192215,153.26418415,8
-28.82384272,153.26408206,6
-28.82405102,153.25815032,8
-28.82409584,153.25801786,8
-28.82453879,153.25912236,8
-28.85606122,153.26915748,6
-28.82505901,153.25471447,8
-28.82376997,153.25478674,8
-28.82343931,153.25680742,8
-28.82379254,153.25784676,8
-28.82380707,153.2594913,8
-28.82576905,153.25969585,8
-28.82477706,153.25809303,7
-28.82607596,153.25928572,8
-28.8309486,153.25506145,6
-28.82493917,153.25406431,8
-28.81963523,153.25469381,8
-28.82364494,153.25712007,8
-28.82058038,153.25943876,7
-28.82223327,153.25879107,8
-28.82425833,153.25806518,8
-28.82464408,153.25865282,8
-28.82964951,153.26715289,8
-28.83112008,153.25718618,8
-28.82700693,153.25591182,8
-28.82356889,153.25633275,8
-28.82384346,153.25783335,8
-28.82428598,153.25944919,6
-28.82473784,153.2580599,6
-28.82978794,153.25042571,8
-28.82087436,153.25494488,8
-28.81634347,153.25988663,7
-28.82365353,153.25740146,8
-28.8231503,153.25858162,6
-28.82698192,153.25958626,8
-28.82260077,153.25240264,8
-28.82131273,153.25377243,8
-28.82423358,153.25684043,8
-28.82465116,153.25503727,8
-28.82469284,153.25486074,8
-28.82365126,153.2575021,8
-28.8242287,153.25988266,8
-28.82681969,153.25661396,8
-28.82322707,153.2508687,8
-28.82355542,153.25619756,6
-28.82248511,153.25534982,8
-28.82303689,153.25593127,8
-28.82330069,153.25713786,8
-28.82366373,153.25759276,8
-28.82430969,153.25928808,7
-28.82490539,153.25468822,6
-28.80406247,153.24217685,6
-28.82208539,153.25790155,8
-28.82417475,153.25837558,8
-28.82443416,153.26224775,8
-28.8236079,153.25363339,8
-28.82268052,153.25358735,8
-28.81925651,153.25685614,8
-28.82253376,153.2597372,8
-28.8238844,153.25821385,8
-28.82397162,153.25812111,8
-28.82471083,153.28712059,8
-28.82436319,153.25949093,8
-28.82522548,153.26181359,8
-28.83760501,153.252853,6
-28.82407801,153.25685365,8
-28.82352133,153.25540989,8
-28.81770936,153.25848871,6
-28.8173024,153.25929294,6
-28.8211793,153.25892708,8
-28.8191768,153.26330994,8
-28.82357099,153.25954013,7
-28.8240708,153.25803863,8
-28.82401576,153.25603221,8
-28.81993604,153.25539053,7
-28.82136724,153.25788102,8
-28.82106013,153.26114905,7
-28.8236825,153.25760101,8
-28.82334544,153.25856701,8
-28.82225316,153.26148879,8
-28.82254373,153.26343895,8
-28.82466745,153.25991169,8
-28.82319517,153.25590986,8
-28.82275074,153.25950573,8
-28.82156644,153.26472258,8
-28.8234809,153.25981846,7
-28.82425752,153.25993227,8
-28.82436304,153.2583021,8
-28.82533555,153.25949213,8
-28.8263298,153.25555519,8
-28.82283181,153.25559388,8
-28.82515018,153.27556161,6
-28.82777069,153.2696181,8
-28.8242243,153.25717316,8
-28.82560123,153.25893295,8
-28.82480189,153.25454847,6
-28.81647945,153.25319962,8
-28.8158079,153.25337532,8
-28.82334333,153.26048958,8
-28.82263069,153.28551392,8
-28.82452373,153.25843608,6
-28.83404522,153.26380229,7
-28.82565445,153.2571617,8
-28.81779966,153.25752716,8
-28.81857973,153.25952754,8
-28.82314097,153.25969901,7
-28.82347434,153.25934279,7
-28.82413137,153.25742129,8
-28.82714286,153.25781129,8
-28.82336095,153.25319371,8
-28.82391432,153.25702782,8
-28.8185143,153.26009192,7
-28.82374703,153.25752235,8
-28.82370995,153.25768491,8
-28.82340082,153.25876376,8
-28.824927,153.25999339,8
-28.83253902,153.25775045,8
-28.8232038,153.25728018,8
-28.82035923,153.25888489,8
-28.82381502,153.25790012,7
-28.82547439,153.26032563,8
-28.82591785,153.25554444,8
-28.82413958,153.25641461,8
-28.81709186,153.25886393,6
-28.82271025,153.25985514,8
-28.82408563,153.26049145,8
-28.82458992,153.25809334,6
-28.82382311,153.25550714,8
-28.82314462,153.25498944,8
-28.82365174,153.25643716,8
-28.8230421,153.25750692,8
-28.82256484,153.25847885,8
-28.82311917,153.25860162,6
-28.82316266,153.25860522,8
-28.81260699,153.28782541,7
-28.82618038,153.26204779,8
-28.83087555,153.25048896,8
-28.8236403,153.25780605,8
-28.82378118,153.25800849,8
-28.82331809,153.26058993,8
-28.8240967,153.25790208,8
-28.82417754,153.26112614,8
-28.82415032,153.25839079,7
-28.82417221,153.25746296,8
-28.82702616,153.2625646,8
-28.8365912,153.2498371,7
-28.81941248,153.26177652,7
-28.80452767,153.28638969,6
-28.82304674,153.25877532,6
-28.82358967,153.25795066,8
-28.82432598,153.25888985,8
-28.82458526,153.25888854,8
-28.82287883,153.25407325,8
-28.82219161,153.25511675,8
-28.82336942,153.25715056,7
-28.82371614,153.25759891,7
-28.82380069,153.25799939,6
-28.82411664,153.25737646,8
-28.82841868,153.25832467,8
-28.83167162,153.2584879,8
-28.81954953,153.25167122,6
-28.82122043,153.25611458,7
-28.82359192,153.25699287,8
-28.81473153,153.25965305,8
-28.82360325,153.25734533,8
-28.82367405,153.2573552,8
-28.82362466,153.25741906,8
-28.82433134,153.25758549,8
-28.82831755,153.26512477,8
-28.82250332,153.25531391,8
-28.8174794,153.25162299,7
-28.82086857,153.26129074,7
-28.8258907,153.25498156,8
-28.82360307,153.25692011,8
-28.82354158,153.25730712,8
-28.8239567,153.257126,8
-28.82331243,153.26061674,8
-28.8236536,153.25668701,8
-28.82189544,153.28499825,8
-28.82435327,153.25803043,8
-28.8244532,153.2578606,8
-28.82902493,153.25119779,8
-28.81868769,153.25962484,6
-28.81795976,153.26339139,8
-28.82062037,153.26151826,8
-28.82127313,153.26175972,6
-28.82272926,153.2609702,8
-28.82318304,153.25990108,7
-28.82377223,153.25800647,8
-28.82425756,153.25717792,7
-28.82407592,153.25671649,8
-28.82442348,153.25857248,8
-28.83042087,153.25719706,8
-28.82541146,153.2541792,8
-28.82502998,153.25414071,8
-28.82402329,153.25630092,8
-28.82132931,153.25672162,8
-28.80197271,153.24221486,6
-28.81962422,153.25615926,8
-28.82089056,153.25773799,8
-28.82373497,153.2574918,8
-28.81974758,153.26673468,8
-28.82188812,153.26326034,7
-28.82548441,153.26006189,8
-28.82593022,153.25761603,8
-28.82373131,153.25615035,8
-28.82331445,153.25715293,8
-28.82025941,153.25861082,8
-28.8202333,153.25873821,8
-28.82311504,153.26067984,8
-28.82415378,153.25839387,8
-28.82267055,153.25338755,8
-28.80540492,153.28244238,7
-28.82298677,153.26098597,8
-28.82414143,153.25834329,8
-28.82417476,153.25775174,8
-28.823739,153.25662224,8
-28.82348935,153.25738612,8
-28.82567504,153.25969378,8
-28.82531371,153.25461425,8
-28.82332901,153.25724848,7
-28.80321015,153.28858738,6
-28.82541711,153.26098559,8
-28.82572225,153.25638209,8
-28.82152803,153.25840677,8
-28.82962047,153.25629193,7
-28.82335257,153.25433568,8
-28.81981495,153.2547815,8
-28.81680386,153.25859844,8
-28.82170848,153.25899585,8
-28.82046655,153.26098721,6
-28.82508513,153.25955451,8
-28.82344315,153.25635652,8
-28.82282017,153.25782477,8
-28.82443839,153.25826303,8
-28.82373775,153.25595996,8
-28.82814063,153.26390979,6
-28.82649248,153.25981977,8
-28.81857234,153.26093946,7
-28.82278738,153.25810824,8
-28.82259673,153.25840037,8
-28.81866029,153.26237595,8
-28.82441245,153.25810432,8
-28.82121745,153.2620378,6
-28.82336983,153.26006121,7
-28.82598767,153.25938121,8
-28.82467801,153.25463947,6
-28.82414372,153.25450515,8
-28.81558894,153.2508989,8
-28.82089321,153.25894967,8
-28.81897491,153.26173343,8
-28.82114015,153.26525262,8
-28.82222378,153.26326031,7
-28.82461848,153.25817597,6
-28.82777233,153.25907199,8
-28.81972984,153.25411902,8
-28.82035562,153.25544982,8
-28.82279418,153.25701719,8
-28.82268636,153.25771779,8
-28.82178857,153.25943567,8
-28.82342033,153.25826881,8
-28.82291238,153.25945876,8
-28.82389162,153.25967652,8
-28.82398391,153.25854744,8
-28.82934715,153.26896405,8
-28.82473319,153.25794002,8
-28.83193752,153.25857889,8
-28.82443387,153.25624042,8
-28.82401042,153.25644386,8
-28.82400688,153.256579,8
-28.82045,153.25136967,6
-28.82356174,153.2573048,8
-28.82377681,153.25812552,8
-28.82320759,153.26039547,8
-28.82258819,153.26354209,7
-28.82355226,153.26119153,8
-28.82610945,153.25458421,8
-28.82257714,153.25608894,8
-28.82206009,153.26204943,8
-28.8232147,153.25982958,8
-28.8247883,153.25846376,8
-28.82340503,153.25515545,8
-28.82195281,153.25802908,8
-28.82365094,153.25729847,8
-28.82589104,153.25791405,8
-28.82110938,153.25535406,8
-28.82341091,153.25697837,8
-28.78515615,153.27951378,6
-28.82279633,153.25988826,8
-28.82484744,153.26086086,8
-28.82551618,153.25837358,8
-28.8389608,153.25577138,8
-28.82532097,153.25416173,8
-28.82488867,153.25468553,6
-28.81652135,153.25853532,7
-28.82338427,153.25723999,8
-28.82229359,153.25864718,7
-28.82432823,153.26067267,8
-28.82312202,153.25613587,8
-28.82374754,153.25788802,8
-28.82408869,153.25624081,8
-28.82328251,153.25499883,8
-28.8213823,153.25635578,6
-28.82329364,153.25715131,7
-28.82765917,153.26598685,8
-28.82465272,153.25817317,8
-28.82754366,153.26429887,8
-28.82431971,153.25641678,8
-28.82381786,153.25284196,8
-28.82386048,153.25714022,8
-28.81926228,153.26195035,7
-28.82400039,153.25808695,6
-28.82458202,153.25821367,6
-28.82524896,153.25717184,8
-28.82632088,153.25591949,6
-28.82560019,153.25620749,8
-28.82597329,153.25497006,8
-28.81922163,153.25220822,8
-28.81962927,153.25371212,8
-28.82000654,153.26101731,7
-28.82302819,153.26120044,8
-28.82487837,153.26505055,8
-28.82452143,153.25794186,8
-28.82470855,153.25058252,8
-28.82296463,153.25435893,8
-28.82371847,153.25691769,8
-28.81148393,153.25608005,8
-28.80521123,153.28868828,6
-28.82403657,153.25812268,8
-28.82554973,153.25504631,8
-28.8210435,153.25598792,7
-28.82187811,153.25781237,8
-28.80286507,153.28351862,6
-28.82454218,153.26742542,8
-28.82428679,153.2588265,8
-28.82240262,153.2516045,8
-28.82329292,153.25619382,8
-28.82379394,153.25754194,8
-28.82295103,153.26109103,8
-28.82295103,153.26109103,8
-28.82401509,153.25789071,7
-28.82408051,153.25781215,8
-28.83450011,153.26357482,7
-28.82486325,153.25486005,8
-28.82475533,153.25516982,8
-28.81895843,153.26214577,8
-28.82555445,153.26180098,8
-28.82947593,153.25632665,7
-28.82146718,153.25587626,8
-28.82096061,153.26245486,8
-28.82182107,153.26243571,8
-28.82309268,153.26073867,8
-28.82566222,153.26097854,8
-28.82647117,153.25892807,8
-28.83254697,153.25790568,8
-28.81960849,153.25581756,8
-28.81882855,153.25977718,8
-28.79542928,153.27554329,6
-28.82202848,153.25856534,7
-28.8248054,153.25817218,6
-28.82445342,153.25430662,8
-28.82280914,153.25443867,8
-28.82294938,153.25670934,8
-28.82090686,153.25647881,8
-28.82090686,153.25647881,8
-28.82885664,153.26881837,8
-28.82521442,153.25900373,7
-28.82481035,153.25813474,7
-28.82675273,153.25787445,8
-28.82362347,153.25416999,8
-28.81653306,153.2590543,7
-28.82403377,153.25906923,8
-28.82481586,153.25974238,7
-28.82517863,153.26063024,8
-28.82513868,153.25905124,7
-28.82522547,153.25913539,8
-28.82554346,153.25608759,8
-28.82487441,153.25369081,8
-28.82011843,153.25135023,6
-28.8217643,153.25439584,8
-28.82270531,153.25785785,8
-28.82122108,153.26137886,6
-28.82315264,153.25950837,8
-28.82799945,153.26432408,8
-28.82510297,153.25540136,8
-28.8250335,153.2552644,8
-28.82488708,153.25463508,6
-28.82426897,153.2557139,8
-28.82295475,153.25648705,8
-28.80870355,153.28473176,6
-28.82445088,153.25824892,7
-28.82572537,153.25988193,8
-28.82212192,153.25825474,8
-28.8046742,153.27854181,7
-28.82304758,153.25840711,8
-28.82369344,153.25912074,8
-28.82398359,153.25815794,8
-28.82436705,153.25842524,8
-28.81850772,153.25972779,7
-28.82625012,153.26246686,8
-28.82577099,153.25778377,8
-28.82337523,153.2549305,8
-28.82359853,153.25722257,7
-28.82439467,153.26101871,8
-28.82443475,153.25883111,8
-28.82611318,153.2592866,7
-28.82911866,153.25537653,8
-28.82827279,153.25346968,8
-28.82136262,153.25114614,6
-28.82230945,153.25371945,8
-28.82368711,153.25745707,8
-28.82301316,153.26126155,8
-28.82454951,153.2601142,8
-28.82508349,153.25919477,8
-28.81986641,153.25577378,8
-28.81820136,153.26005019,6
-28.82126693,153.2596288,8
-28.82293469,153.25848843,8
-28.82454302,153.25815779,7
-28.82599738,153.26131412,7
-28.82404807,153.25409804,8
-28.82367564,153.26313121,8
-28.82408965,153.25889018,8
-28.82713487,153.26022236,8
-28.82083852,153.26392696,8
-28.82356049,153.26044587,8
-28.8260431,153.25814356,8
-28.82656198,153.25778899,7
-28.82650175,153.25738126,8
-28.82490867,153.25487703,8
-28.82425566,153.25494858,8
-28.8219114,153.25512599,8
-28.81262129,153.28191349,7
-28.82402888,153.25851632,8
-28.82414577,153.25831809,8
-28.83544668,153.25913868,6
-28.81615342,153.26068582,8
-28.82278145,153.25890893,8
-28.82505862,153.25786496,8
-28.82373709,153.25437783,8
-28.82298591,153.25306938,8
-28.82151461,153.25561929,8
-28.82060262,153.25628292,8
-28.81649157,153.25876208,7
-28.82417183,153.2595716,8
-28.82486048,153.25970399,8
-28.82504708,153.25829509,8
-28.82468498,153.25673765,8
-28.82497152,153.25467653,6
-28.8247402,153.25509743,6
-28.82405721,153.24410261,8
-28.80334597,153.28434953,6
-28.82423524,153.27089757,6
-28.82199051,153.25661302,8
-28.82353041,153.25687744,8
-28.82343672,153.25698286,8
-28.82377208,153.25712423,8
-28.82363924,153.25743494,8
-28.82324526,153.25849719,8
-28.82283568,153.26126125,8
-28.82346442,153.26067046,8
-28.82345749,153.25620895,8
-28.81860615,153.26054364,6
-28.82217364,153.25880093,7
-28.82540494,153.25748231,8
-28.83561183,153.25848389,7
-28.82533865,153.25517928,8
-28.81969928,153.2564217,8
-28.81890075,153.26213046,8
-28.82244362,153.26042559,8
-28.82381133,153.25835539,8
-28.82588732,153.26208339,8
-28.83171686,153.26445712,8
-28.82646491,153.25838059,8
-28.82043811,153.25858719,7
-28.82548042,153.26421996,8
-28.82578551,153.26213437,8
-28.82610643,153.256281,8
-28.82047464,153.25643168,8
-28.82367073,153.25761345,8
-28.82370534,153.25772061,6
-28.82341596,153.25995962,8
-28.82394703,153.26183626,8
-28.82454332,153.2581174,6
-28.82670919,153.2571049,8
-28.81890155,153.2621242,8
-28.80756926,153.28352899,6
-28.82283194,153.26213501,8
-28.82332643,153.2604786,7
-28.82270799,153.26359033,8
-28.82404563,153.25813497,8
-28.82471763,153.25500722,8
-28.82254581,153.2552881,8
-28.82131042,153.26456252,8
-28.82608923,153.26043352,8
-28.82932984,153.25091896,8
-28.82398975,153.25984956,8
-28.82419721,153.25510267,8
-28.82381096,153.25628577,8
-28.82251257,153.256743,8
-28.81075549,153.25683679,8
-28.8215952,153.25871615,8
-28.82394139,153.25770525,8
-28.82426124,153.25964252,7
-28.82658284,153.255217,8
-28.82479272,153.25451457,8
-28.8210453,153.25357183,8
-28.82322434,153.25623802,8
-28.82341173,153.25783397,8
-28.82313095,153.25844516,7
-28.82797306,153.2544564,8
-28.8272467,153.25094477,8
-28.82376245,153.25404838,8
-28.81830682,153.25906541,8
-28.80891612,153.28409293,7
-28.82635108,153.2545678,8
-28.82182949,153.25488816,8
-28.82373515,153.25714539,8
-28.81828719,153.26081849,8
-28.82289779,153.25823482,8
-28.82345711,153.25984763,8
-28.81849796,153.28354093,7
-28.82479381,153.25815292,6
-28.82310238,153.25265036,8
-28.8195142,153.25208273,8
-28.80512386,153.23964219,7
-28.82277509,153.25583669,8
-28.8194829,153.25630755,8
-28.81118919,153.25676156,8
-28.82311654,153.25708084,7
-28.80534018,153.28942127,6
-28.82598753,153.26136353,7
-28.82432378,153.25614352,8
-28.82260445,153.25455679,8
-28.8185099,153.26009438,6
-28.82333603,153.25775547,8
-28.81180225,153.29017608,6
-28.82242839,153.2696148,8
-28.82405023,153.25912476,8
-28.82502266,153.259692,8
-28.82472169,153.25818137,7
-28.8365568,153.26317284,7
-28.82617391,153.25712988,8
-28.82608219,153.25648224,8
-28.82411432,153.25610089,8
-28.82003924,153.26184665,8
-28.82373007,153.25751424,8
-28.81780429,153.26978863,8
-28.815523,153.28013272,7
-28.82338574,153.25944488,8
-28.82401775,153.25793041,8
-28.82401775,153.25793041,8
-28.82404826,153.25934168,8
-28.82520724,153.26018185,8
-28.82464224,153.25790768,8
-28.82249746,153.25306339,8
-28.82327809,153.25678778,8
-28.80526803,153.28933482,6
-28.8239006,153.25826404,8
-28.82469088,153.25812302,7
-28.82343068,153.25712857,8
-28.8232208,153.26120851,8
-28.82394305,153.25805791,8
-28.825676,153.25969542,7
-28.82512559,153.25744348,8
-28.82160201,153.25681098,8
-28.820268,153.25868053,8
-28.82268607,153.25917211,8
-28.82238312,153.26199369,7
-28.82405373,153.25924643,8
-28.82437153,153.26643215,8
-28.82415189,153.257506,8
-28.82591067,153.25910784,6
-28.82902403,153.25723466,8
-28.82688124,153.25577198,6
-28.81912684,153.25681204,8
-28.81669781,153.25884619,6
-28.81956408,153.26023665,8
-28.82161874,153.26521096,7
-28.823324,153.26053973,8
-28.82527001,153.26118095,8
-28.82845452,153.26932233,8
-28.82492788,153.25390511,8
-28.82750403,153.25419668,8
-28.8236426,153.25653689,8
-28.82110511,153.2560561,6
-28.82026009,153.25853494,8
-28.8197449,153.25979062,8
-28.82142822,153.26169624,6
-28.82189253,153.26374893,8
-28.82310562,153.26064656,8
-28.82453777,153.25991697,8
-28.82503176,153.26053057,8
-28.8253413,153.25966675,8
-28.82569122,153.25957009,6
-28.82604731,153.25237467,7
-28.82319627,153.25708681,8
-28.82049514,153.25841917,8
-28.82250008,153.25791916,8
-28.82352728,153.25775093,8
-28.81402995,153.27933165,7
-28.8263147,153.25999981,8
-28.81942031,153.25358696,8
-28.81990002,153.25786668,8
-28.80235639,153.28190103,7
-28.82260319,153.26691879,8
-28.82634582,153.26424373,8
-28.82411205,153.25053069,8
-28.82126539,153.25555419,8
-28.81784729,153.25926157,8
-28.82431773,153.25788413,8
-28.82448881,153.25761567,8
-28.82537622,153.25503451,8
-28.82391441,153.25455085,8
-28.82364269,153.25406913,8
-28.82389416,153.25814945,8
-28.82389416,153.25814945,8
-28.82410927,153.26405475,8
-28.82427957,153.25937134,8
-28.82458283,153.25817352,6
-28.82703101,153.26253494,8
-28.82432113,153.25732846,8
-28.82848585,153.25340207,8
-28.81897134,153.25640206,8
-28.82294357,153.25817313,8
-28.82139031,153.26159679,6
-28.8118196,153.28405637,7
-28.82479553,153.26033374,8
-28.8247426,153.25817411,6
-28.82679468,153.25832983,8
-28.82725494,153.25700815,8
-28.82390788,153.25116128,8
-28.82319883,153.25490864,8
-28.81894795,153.25412715,6
-28.81806387,153.25537528,8
-28.81944358,153.25732164,8
-28.82294992,153.25942075,8
-28.82339546,153.26350954,7
-28.8248469,153.2553106,8
-28.81824318,153.25539491,8
-28.81757564,153.25882434,7
-28.82169153,153.26657239,8
-28.82598045,153.2628876,8
-28.82449127,153.25814345,8
-28.83083511,153.25836464,8
-28.82996632,153.25797948,8
-28.83084734,153.25452218,8
-28.82392931,153.25444773,8
-28.82171048,153.25507349,8
-28.82276223,153.25687122,6
-28.81719673,153.25850219,6
-28.82345139,153.25768846,8
-28.80448934,153.29161997,6
-28.82268468,153.26038331,8
-28.82263599,153.25331015,6
-28.82365688,153.25659932,8
-28.82277242,153.25958476,8
-28.8212911,153.272286,7
-28.82747303,153.25262686,8
-28.82392298,153.25663914,8
-28.81778791,153.25688318,8
-28.82308402,153.25707096,8
-28.82364075,153.25733586,8
-28.82239182,153.25847614,8
-28.81321472,153.28651674,7
-28.82313146,153.26041366,8
-28.8231795,153.26115959,8
-28.82578631,153.26001282,7
-28.82784783,153.25652358,8
-28.82155389,153.25740932,8
-28.82021916,153.25824679,8
-28.80043014,153.27825914,6
-28.82084923,153.25544933,8
-28.81705595,153.25845979,7
-28.82293928,153.25732179,8
-28.81823545,153.25889831,8
-28.82352965,153.25726245,8
-28.82332916,153.25784124,8
-28.82373632,153.25741208,8
-28.80478468,153.28775308,6
-28.82346763,153.2597177,6
-28.82443399,153.25709161,8
-28.82493494,153.25489765,8
-28.82487245,153.25179176,8
-28.82296005,153.25507686,8
-28.81939687,153.25515319,8
-28.82123126,153.25703849,6
-28.82350651,153.25717963,8
-28.82139686,153.25955004,8
-28.83308109,153.26512859,8
-28.82322372,153.25295259,8
-28.82355833,153.25477652,8
-28.82240241,153.25570496,8
-28.82351303,153.25679242,8
-28.818479,153.26048725,7
-28.8211485,153.26160332,6
-28.82411639,153.25824778,8
-28.82457937,153.25807043,8
-28.82475377,153.2581275,6
-28.82513381,153.25492528,8
-28.82374437,153.25636151,8
-28.81962142,153.25056136,8
-28.82007409,153.25374289,8
-28.8229173,153.2588509,8
-28.80830698,153.28576842,7
-28.82343366,153.26076415,8
-28.82410999,153.2581257,6
-28.82462505,153.26052168,8
-28.83073295,153.25645775,8
-28.82525986,153.2556458,8
-28.82436568,153.25643203,8
-28.80042291,153.25616055,7
-28.82054217,153.26218913,8
-28.82089116,153.26587598,8
-28.82435819,153.2582333,6
-28.82480888,153.25834648,6
-28.82562196,153.25971938,6
-28.82470746,153.25808665,6
-28.82559796,153.25854346,8
-28.82582583,153.25533915,6
-28.82474742,153.2539727,8
-28.82081791,153.25690717,8
-28.82258678,153.25852722,8
-28.82456726,153.25789381,8
-28.82448763,153.25772813,8
-28.82509734,153.25640236,8
-28.82440121,153.25498598,8
-28.82236039,153.25397989,8
-28.8118385,153.28252154,7
-28.82466448,153.25794979,8
-28.82338328,153.25356016,8
-28.82325702,153.25815442,8
-28.80517244,153.28987484,6
-28.82378335,153.25822682,6
-28.82350581,153.25965323,8
-28.82486937,153.25860853,8
-28.81833854,153.25759753,8
-28.821076,153.25799773,8
-28.82364886,153.25871582,6
-28.82442903,153.25933077,6
-28.82424434,153.25796726,8
-28.82424434,153.25796726,8
-28.8246963,153.25900882,8
-28.80149723,153.2800161,6
-28.82385675,153.2578019,8
-28.82392224,153.25766122,8
-28.82375516,153.25898835,8
-28.82514268,153.26180354,8
-28.82436706,153.25748532,8
-28.82399796,153.2559835,8
-28.8236472,153.26294667,8
-28.8239036,153.25996804,8
-28.83084211,153.25461961,8
-28.82427992,153.25407718,8
-28.82318262,153.25405926,8
-28.82037273,153.25027293,8
-28.81975505,153.25733537,8
-28.81949057,153.26011521,8
-28.81942284,153.2626536,8
-28.80604205,153.28931699,6
-28.82355759,153.25813205,8
-28.82219031,153.2613362,8
-28.82406413,153.26076872,6
-28.82453354,153.25760336,8
-28.82495068,153.25548258,8
-28.82358871,153.25278234,8
-28.81921756,153.25788631,8
-28.80361969,153.28638262,6
-28.82318602,153.25944786,8
-28.82379359,153.25811331,8
-28.82444633,153.2600924,8
-28.82599822,153.25671866,8
-28.82619895,153.25461668,8
-28.82496585,153.25483559,6
-28.81738389,153.25342545,8
-28.79974011,153.27686921,6
-28.8189873,153.26203957,8
-28.82257575,153.26076971,8
-28.82031669,153.28143212,8
-28.82413678,153.25828701,8
-28.83270309,153.25816854,8
-28.82722826,153.25717908,8
-28.8239244,153.25394435,8
-28.82220437,153.25815973,8
-28.82477438,153.26059781,8
-28.8251123,153.25923572,8
-28.82560439,153.24842391,8
-28.82293676,153.2563508,8
-28.82772648,153.27042999,8
-28.82640595,153.25889476,8
-28.82968523,153.25157166,8
-28.82045532,153.24682342,8
-28.82365233,153.25720702,8
-28.80578549,153.28984074,6
-28.81465114,153.28567782,7
-28.8239089,153.2595459,7
-28.82626717,153.26259673,8
-28.8265927,153.25842251,8
-28.82223797,153.25576074,8
-28.82330757,153.25652642,8
-28.82139106,153.25903429,8
-28.82275629,153.25837133,6
-28.82089848,153.26136123,6
-28.82962724,153.26201843,8
-28.83843177,153.25677904,8
-28.82103719,153.25680262,8
-28.81906971,153.26196279,8
-28.82297861,153.25848488,8
-28.82371134,153.25790985,8
-28.82203152,153.26389377,8
-28.82484078,153.26095036,8
-28.82524266,153.26263119,8
-28.8346385,153.26243177,7
-28.82165813,153.25797604,8
-28.8236109,153.2573188,8
-28.8212421,153.26254342,7
-28.82446415,153.2582661,8
-28.82725289,153.25249037,8
-28.82449121,153.25573209,8
-28.8233594,153.25436416,8
-28.81665201,153.25040012,8
-28.81839037,153.25996608,8
-28.82361189,153.25738186,8
-28.80422873,153.28000527,6
-28.82314371,153.26102212,8
-28.82438263,153.26059999,8
-28.82464114,153.25996715,8
-28.82633751,153.26181994,8
-28.82445297,153.2576796,8
-28.82709463,153.26068339,8
-28.82604551,153.25502769,8
-28.82932616,153.25114705,8
-28.81686341,153.25885729,7
-28.82042733,153.26135773,7
-28.82363055,153.25754844,8
-28.82093518,153.26558956,8
-28.82331063,153.25944354,8
-28.82638549,153.26008078,8
-28.82662577,153.25725689,8
-28.82488667,153.2550818,8
-28.82426309,153.25579269,8
-28.82342744,153.25605854,8
-28.82342899,153.25628651,8
-28.82278503,153.25711133,6
-28.82191562,153.26418748,7
-28.82141784,153.26665217,6
-28.82366679,153.25868669,8
-28.82422651,153.25801968,8
-28.82549139,153.26155301,8
-28.82841984,153.26369269,6
-28.82530559,153.25638985,8
-28.83232038,153.2493374,8
-28.82721903,153.25351925,8
-28.82031401,153.25159103,6
-28.80999783,153.23944942,7
-28.81992137,153.26185795,6
-28.82311793,153.26060597,8
-28.82499359,153.26557458,8
-28.82467536,153.26074547,8
-28.82433389,153.25812501,8
-28.83125821,153.25738241,8
-28.82459479,153.25312205,8
-28.82454651,153.25262081,8
-28.81827425,153.25086199,8
-28.82365624,153.25732386,8
-28.8227211,153.25918509,8
-28.82598814,153.25414765,8
-28.8197776,153.25580246,8
-28.82513759,153.25887467,8
-28.82453072,153.2577318,8
-28.82811334,153.2625955,8
-28.83345873,153.2584229,8
-28.8234946,153.25684428,8
-28.81923658,153.26274245,8
-28.82367415,153.25758805,6
-28.80807598,153.28705119,7
-28.81976037,153.26592502,8
-28.8240884,153.2596395,8
-28.82414411,153.25768743,8
-28.82571262,153.25846082,8
-28.83512183,153.26676892,8
-28.82651027,153.25787473,8
-28.82507415,153.25482448,6
-28.82481464,153.254874,6
-28.82249944,153.25456341,8
-28.821382,153.253584,8
-28.82111132,153.25593073,8
-28.82242268,153.25660671,8
-28.8229459,153.25837725,8
-28.80258844,153.28879669,6
-28.82161807,153.26525903,7
-28.82402406,153.25731587,8
-28.8271212,153.25917938,8
-28.82606347,153.25323769,8
-28.81792889,153.25068036,8
-28.82305739,153.25599446,6
-28.82020955,153.25516094,7
-28.80305649,153.28895224,6
-28.80863482,153.28764416,6
-28.82327124,153.26060075,6
-28.82459654,153.26198117,8
-28.82531208,153.25830154,8
-28.82644598,153.25866435,8
-28.82730428,153.25732344,8
-28.82473098,153.2536027,6
-28.82135923,153.2549225,8
-28.8146365,153.26634369,8
-28.80507941,153.28246431,7
-28.82236776,153.25963225,8
-28.82341118,153.2598689,8
-28.82316776,153.2663455,6
-28.8244264,153.25861661,8
-28.82520558,153.25939662,8
-28.82885389,153.25591548,8
-28.82538819,153.25458361,8
-28.82252808,153.25962545,8
-28.82144712,153.2616315,6
-28.81488322,153.27473047,7
-28.82284614,153.26085129,8
-28.82317604,153.26041518,8
-28.82589448,153.26413224,8
-28.83125498,153.25746357,8
-28.82490675,153.25525391,8
-28.82353885,153.25689177,8
-28.82904463,153.25968326,8
-28.82803047,153.25680169,8
-28.82762942,153.25641844,8
-28.83813503,153.25381671,8
-28.79960652,153.24287449,6
-28.8213846,153.25740165,8
-28.82020008,153.25966371,8
-28.82370702,153.25772883,6
-28.82316014,153.26010881,6
-28.82345058,153.25972165,7
-28.82495136,153.2635963,8
-28.82482888,153.25873747,8
-28.82454556,153.25804704,6
-28.82477292,153.25815131,6
-28.82660647,153.26029192,8
-28.82210657,153.25577208,8
-28.81954292,153.25612258,8
-28.80266339,153.28394135,6
-28.82237777,153.25963347,8
-28.80501227,153.28817127,6
-28.81698874,153.27343409,8
-28.81150239,153.29035601,7
-28.82311324,153.25955623,8
-28.82330879,153.26060445,8
-28.8243493,153.26070606,8
-28.82502788,153.26152082,8
-28.82691011,153.25754822,8
-28.82731096,153.25430293,8
-28.82299091,153.25471885,8
-28.82191688,153.25385623,8
-28.82089603,153.25687931,8
-28.82134386,153.25743955,8
-28.82169156,153.25756007,8
-28.80481297,153.28682004,6
-28.81130731,153.29035195,7
-28.82326921,153.259406,8
-28.81884747,153.28480894,7
-28.82397387,153.25759019,8
-28.82412286,153.2581395,7
-28.82629232,153.25149112,8
-28.82616007,153.25084196,8
-28.81855267,153.25770385,8
-28.82058609,153.25867261,8
-28.80336912,153.26866493,7
-28.80243603,153.28000418,7
-28.82185366,153.26406389,6
-28.82420085,153.25789256,8
-28.82561702,153.26032087,8
-28.830289,153.25300259,8
-28.82497438,153.25479067,6
-28.82369973,153.25050495,6
-28.82382561,153.25478489,8
-28.8045404,153.29024355,6
-28.82276572,153.26339005,8
-28.82465507,153.25944341,7
-28.83064512,153.25707759,8
-28.8251895,153.25354712,8
-28.81988268,153.25118349,8
-28.80478266,153.28664322,6
-28.82287242,153.25903805,8
-28.80822885,153.28438924,7
-28.81223101,153.29115198,6
-28.81494038,153.28457711,7
-28.82318854,153.2600937,7
-28.82456317,153.25520658,6
-28.82209309,153.2563433,8
-28.8182594,153.25991423,6
-28.80143478,153.28830232,6
-28.80521573,153.29004975,6
-28.80567278,153.29052804,6
-28.82277559,153.2606979,8
-28.82485102,153.25848235,8
-28.82550013,153.25784737,8
-28.82682916,153.25723633,8
-28.82249139,153.25246462,8
-28.82262214,153.25484888,8
-28.81870229,153.25836271,8
-28.80470964,153.2907394,6
-28.8236814,153.2587123,8
-28.82326287,153.2609526,8
-28.824454,153.26068327,8
-28.82556353,153.25902563,8
-28.82784253,153.25295572,8
-28.82574503,153.24954466,8
-28.82474416,153.24957224,7
-28.81611212,153.24665217,8
-28.81864142,153.25883719,8
-28.8053812,153.28852554,6
-28.81194492,153.27904483,7
-28.8111297,153.2860469,7
-28.81243572,153.29029129,6
-28.82962711,153.25167515,8
-28.82347457,153.25515109,7
-28.8225312,153.25395814,8
-28.81722398,153.25848159,7
-28.82369338,153.2571399,8
-28.818829,153.26181361,6
-28.82287371,153.25995093,8
-28.82340118,153.26271054,8
-28.8243292,153.25944672,6
-28.83101731,153.26620768,8
-28.82701645,153.25686002,8
-28.82443641,153.25660488,8
-28.82397434,153.25496293,6
-28.82399102,153.25547608,6
-28.82338108,153.25740009,8
-28.82218555,153.26030969,8
-28.82295038,153.25975424,8
-28.81874677,153.28112036,7
-28.82442206,153.25821038,8
-28.83132698,153.26627007,8
-28.82715553,153.25869407,8
-28.83060947,153.25355154,8
-28.82271241,153.25978618,8
-28.82316037,153.25990286,8
-28.82316037,153.25990286,8
-28.82573433,153.25985778,8
-28.8333083,153.26422494,8
-28.82493312,153.25482236,8
-28.82371342,153.25587752,8
-28.82031477,153.25581236,8
-28.8000443,153.28881455,6
-28.82316788,153.26086109,7
-28.82163183,153.27870411,8
-28.82466204,153.25837146,8
-28.82850855,153.25415287,8
-28.82658205,153.24774882,6
-28.82658205,153.24774882,6
-28.81905373,153.25154741,8
-28.81956021,153.25372517,8
-28.82290178,153.25624888,8
-28.81246133,153.27609495,7
-28.8119532,153.28479021,7
-28.82393005,153.25811324,8
-28.82401707,153.25787212,8
-28.82502689,153.26186757,7
-28.82433947,153.25816275,8
-28.82479744,153.2595717,7
-28.82473846,153.25910879,8
-28.82701878,153.25233016,8
-28.82419799,153.25533395,8
-28.82371942,153.25553895,8
-28.82006339,153.25436882,8
-28.82361368,153.25716371,8
-28.81873899,153.26152177,8
-28.80432066,153.28715007,6
-28.82135448,153.26186601,6
-28.82299991,153.25949993,8
-28.82211371,153.26196195,8
-28.82476944,153.2576702,8
-28.8272013,153.25877032,8
-28.82070264,153.25812914,8
-28.82358562,153.25731389,8
-28.82255274,153.25844852,8
-28.82045369,153.26537938,8
-28.82466993,153.26349418,8
-28.82517979,153.25493085,6
-28.82250276,153.2529803,8
-28.80538084,153.28582563,6
-28.80763793,153.28597699,6
-28.82182778,153.26338247,6
-28.8250122,153.25835441,8
-28.82476344,153.25234078,8
-28.82246013,153.2546243,8
-28.81883444,153.25955526,8
-28.79953789,153.27532254,6
-28.82010024,153.26573643,7
-28.82232123,153.26169906,8
-28.82345779,153.25984454,6
-28.82649499,153.26185987,8
-28.82556534,153.25859333,8
-28.82638052,153.25510939,8
-28.82498152,153.25493537,8
-28.82365445,153.25747232,6
-28.80821839,153.28656159,6
-28.81248818,153.29057319,7
-28.8230664,153.26012951,8
-28.82269056,153.26888621,8
-28.82450078,153.25804894,6
-28.82583207,153.25950357,8
-28.82482247,153.25788183,8
-28.8320295,153.25776968,8
-28.82380643,153.23533554,6
-28.82342258,153.23524983,6
-28.82355998,153.2562022,8
-28.8202423,153.25661577,8
-28.81558077,153.27249411,8
-28.82068358,153.28084433,7
-28.82978687,153.26142901,8
-28.82761841,153.25505408,8
-28.82359286,153.24550301,8
-28.82358702,153.24627066,7
-28.82304554,153.25190671,8
-28.82331047,153.25494294,8
-28.81983699,153.25630029,8
-28.82163209,153.25787372,8
-28.82345247,153.25727396,8
-28.82383584,153.25723389,8
-28.80195127,153.28201691,6
-28.80426491,153.28023172,7
-28.80621935,153.28803377,6
-28.82275263,153.26103201,8
-28.82442555,153.25850487,8
-28.82567482,153.25424932,8
-28.82104191,153.25601209,7
-28.81164927,153.25594478,8
-28.80279885,153.26170773,7
-28.82336479,153.26027277,8
-28.8248122,153.26044682,7
-28.82466719,153.25676332,8
-28.82823729,153.25339009,8
-28.82318217,153.25196791,8
-28.80437569,153.27003246,7
-28.82130764,153.2619501,6
-28.82320494,153.26117203,8
-28.82338304,153.26024217,8
-28.82574186,153.25976786,8
-28.81977091,153.2560956,8
-28.80399255,153.27945346,7
-28.80740901,153.28271592,7
-28.82316024,153.25968668,7
-28.82320977,153.25999088,8
-28.82383763,153.25800702,8
-28.82475673,153.25952228,8
-28.82639033,153.25842213,8
-28.82537295,153.25447348,8
-28.82377487,153.25747787,8
-28.82306764,153.25918976,8
-28.81214592,153.28766611,7
-28.82457523,153.25815525,8
-28.82571063,153.25967658,7
-28.83068309,153.25692773,8
-28.83077607,153.25629841,8
-28.8195725,153.2504408,8
-28.82013325,153.25696,8
-28.82132491,153.25878883,8
-28.80280725,153.28177698,6
-28.80685744,153.28841164,6
-28.82461541,153.25902608,8
-28.82522342,153.25950663,8
-28.82591162,153.25950484,8
-28.82501569,153.25560668,8
-28.82400561,153.25571187,8
-28.82041496,153.25802414,8
-28.83675431,153.27968798,6
-28.82565508,153.25962159,8
-28.82744771,153.2543783,8
-28.82123474,153.25865595,8
-28.81854408,153.26274452,8
-28.8210184,153.26257732,8
-28.8122169,153.27937163,7
-28.8135797,153.27890389,7
-28.81354014,153.2897094,7
-28.83068762,153.25632974,8
-28.82390205,153.25466288,8
-28.8237879,153.25339415,8
-28.80395106,153.28468376,7
-28.80555858,153.28834944,6
-28.8131039,153.27790674,7
-28.81302983,153.28876058,6
-28.82279816,153.26209465,8
-28.82428465,153.25999949,8
-28.82440455,153.25814007,7
-28.82474465,153.25812239,6
-28.82809913,153.26393799,6
-28.82611649,153.25714927,8
-28.82540832,153.25495684,6
-28.8237124,153.25472098,8
-28.8237124,153.25472098,8
-28.82364609,153.25751311,8
-28.82396804,153.25774876,8
-28.82516873,153.26332992,8
